position_panda_joint1,position_panda_joint2,position_panda_joint3,position_panda_joint4,position_panda_joint5,position_panda_joint6,position_panda_joint7,position_panda_finger,velocity_panda_joint1,velocity_panda_joint2,velocity_panda_joint3,velocity_panda_joint4,velocity_panda_joint5,velocity_panda_joint6,velocity_panda_joint7,ee_state_position_x,ee_state_position_y,ee_state_position_z,ee_state_orientation_x,ee_state_orientation_y,ee_state_orientation_z,ee_state_orientation_w
0.113465711474,-0.0239698197693,-0.104998625815,-2.52329874039,-0.00624016486108,2.51160001755,-0.720811724663,0.0558048449457,0.000176978370291,0.00119477044791,0.000362014427083,1.32339537231e-05,-4.64215809188e-05,9.48151791818e-05,-0.00028030158137,0.461627210376,0.00395840869143,0.174855649916,0.00267737286456,0.933334373581,0.358956421745,0.00548322356722
0.113476745784,-0.0239442531019,-0.104991368949,-2.52330422401,-0.00624086195603,2.51159977913,-0.7208147645,0.0558048449457,0.00036532554077,0.000695092079695,-0.000408830848755,-0.0004198931274,-0.000225119525567,6.57003038214e-05,0.000168888363987,0.461620461914,0.00396630825444,0.174841778531,0.00267339741869,0.93333052325,0.358966693321,0.00546809723473
0.113474085927,-0.0239422563463,-0.104992307723,-2.52330231667,-0.00624091736972,2.51160025597,-0.720813572407,0.0558048449457,-0.000544621492736,0.000537134706974,-0.000474877888337,-0.000149334315211,0.000117901588965,1.53419696289e-05,0.000115477021609,0.461621173896,0.00396461907607,0.174841641501,0.00267357531458,0.933331374468,0.358964476585,0.00546824134801
0.1134724617,-0.0239433944225,-0.104994185269,-2.52330231667,-0.00623943377286,2.51160120964,-0.720814466476,0.0558048449457,9.10270900931e-05,0.00048566138139,6.85457489453e-05,0.000235866129515,-7.86058590165e-05,1.47583741636e-05,-0.00012040855654,0.461621572449,0.00396311910256,0.174842248162,0.00267346028183,0.933332051223,0.358962700297,0.00546939219819
0.113470412791,-0.0239447653294,-0.104995287955,-2.52329969406,-0.00623949198052,2.51160001755,-0.720815181732,0.0558048449457,-0.000391386362026,0.000331120070769,-4.59147559013e-05,0.000607206311543,5.90090130572e-05,-6.65548723191e-05,-0.000105176615762,0.461622788598,0.00396169416469,0.17484378234,0.0026739001979,0.933332474094,0.35896157734,0.00547071652121
0.113467931747,-0.0239129606634,-0.104995973408,-2.52330255508,-0.00623922795057,2.5116007328,-0.720815062523,0.0558048449457,0.000575584592298,0.00121074321214,0.000835152692162,0.000425136619015,2.01145462597e-06,-0.000104432205262,-0.000204822485102,0.461616596558,0.00395967421578,0.174828138557,0.00266945766135,0.933333187865,0.358960003669,0.0054543447185
0.113470986485,-0.0238954145461,-0.104994393885,-2.52330064774,-0.00624026777223,2.51160168648,-0.72081631422,0.0558048449457,0.000332648516633,-5.89498704358e-05,0.00327869923785,3.63361432392e-05,5.15625724802e-05,4.14591668232e-05,0.000373624847271,0.461615000913,0.00396129485468,0.1748213282,0.00266814227112,0.933332034623,0.358963115672,0.00544751643455
0.113480776548,-0.0238754767925,-0.104988701642,-2.5233027935,-0.00623960001394,2.51159930229,-0.720817565918,0.0558048449457,-0.000370746827684,0.000872896809597,0.00340840546414,-0.000370629713871,8.30107892398e-05,-8.61459411681e-05,-4.079230348e-05,0.461610203933,0.00396823400625,0.174810716539,0.00266460413173,0.933329174732,0.358970761717,0.00543538372574
0.113478593528,-0.0238662082702,-0.104989714921,-2.5233027935,-0.0062402957119,2.51160001755,-0.720819056034,0.0558055043221,-0.000300986663206,0.00160218519159,0.0027164327912,0.00060441927053,-1.58821858349e-05,-8.23992013466e-05,-8.37876359583e-05,0.461608915811,0.00396655837116,0.174806525159,0.00266375969843,0.933329401913,0.358970241263,0.00543115844164
0.11347694695,-0.0238631926477,-0.10499446094,-2.5233027935,-0.00624045683071,2.51160001755,-0.720818281174,0.0558055043221,-0.000174180357135,-0.000192847903236,-0.000461227551568,0.000186692443094,-1.39383928399e-05,-0.000218023196794,0.000140612086398,0.461608465265,0.00396356256747,0.174805135259,0.00266338658943,0.93333067269,0.358966962198,0.00542968904045
0.113472439349,-0.0238572899252,-0.104995429516,-2.52330708504,-0.00623920885846,2.51159858704,-0.720818221569,0.0558055043221,-0.000198966969037,-0.000601577106863,-5.08015182277e-05,0.000370770285372,0.000110529828817,3.7839065044e-05,-0.0002004798298,0.461605203057,0.0039609874139,0.174800635254,0.00266130087073,0.933331875532,0.358963932039,0.00542427638923
0.113475464284,-0.0238571632653,-0.1049933061,-2.52330255508,-0.00624046567827,2.51160144806,-0.720820367336,0.0558055043221,-0.000173370775883,-0.000207415345358,0.00301955570467,0.000479113223264,1.84793873359e-06,0.000109607572085,-7.71557315602e-05,0.46160794459,0.00396330334897,0.174802590401,0.00266294188127,0.933330366472,0.358967794088,0.0054275459116
0.113474145532,-0.0238552298397,-0.104994304478,-2.52329730988,-0.00624089268968,2.51160049438,-0.72081887722,0.0558055043221,3.76384086849e-05,-0.000546838215087,0.00142266869079,0.000255216757068,0.000109482585685,-8.04987939773e-05,-0.000153259927174,0.461609938985,0.00396219152144,0.174803643267,0.00266356436866,0.93333098395,0.358966168416,0.00542857636072
0.11347155273,-0.0238444823772,-0.10499535501,-2.52329826355,-0.00624110084027,2.51159954071,-0.720819056034,0.0558055043221,-0.00017752336862,0.000190436316188,-3.67647407984e-05,0.000365126121324,2.43002723437e-05,6.52640155749e-05,-8.78894716152e-05,0.461607602013,0.00396030337644,0.174798252874,0.00266193938793,0.933331607946,0.358964650526,0.00542245752152
0.113473095,-0.0238223392516,-0.104995474219,-2.52330446243,-0.00623986683786,2.51159977913,-0.720818758011,0.0558055043221,0.000359697820386,0.00594693981111,-0.00297449924983,-0.000236130261328,-5.50714903511e-05,-4.81625720568e-05,-0.000193829197087,0.461601215551,0.00396061713473,0.174785712005,0.00265776426183,0.933331653894,0.358964763822,0.00540908008333
0.113479502499,-0.0237976573408,-0.10499291867,-2.52330613136,-0.0062407697551,2.51159882545,-0.720822393894,0.0558055043221,0.000273712415947,0.00140459998511,0.00180735008325,3.71718306269e-05,8.02697322797e-05,3.09396600642e-05,-0.000237225656747,0.461596299421,0.00396424201762,0.174773652412,0.00265447546761,0.933329331132,0.358971027113,0.00539581204423
0.11347720027,-0.0237997639924,-0.10499291867,-2.52330565453,-0.00623972387984,2.51159882545,-0.720823168755,0.0558055043221,0.00134821934626,-0.000457422429463,-0.000142397926538,-8.44699679874e-05,-3.62849241355e-05,0.000147480066516,-0.000249191420153,0.461596865923,0.00396327910005,0.174774803803,0.0026545405278,0.933329750073,0.358969917134,0.00539715861112
0.113476023078,-0.0238023810089,-0.104994319379,-2.52329730988,-0.00624041352421,2.51160168648,-0.720822513103,0.0558055043221,0.000300487823552,-0.000337236211635,0.00304749654606,1.35961654451e-05,8.41275596031e-06,0.000147407117765,-0.00285768834874,0.461601883632,0.00396213603326,0.174779489099,0.00265701006604,0.933330197089,0.358968639638,0.00540360443365
0.113474182785,-0.0237858537585,-0.104994952679,-2.52330088615,-0.00623917067423,2.51159906387,-0.72082388401,0.0558055043221,0.000248678668868,0.000339355843607,0.000160226059961,-0.000757701229304,-9.56056610448e-05,-3.78814111173e-05,-0.000327937537804,0.461597019897,0.00396075348717,0.174770280674,0.00265351120396,0.933330632136,0.358967696469,0.00539282592895
0.113477788866,-0.0237643625587,-0.104993261397,-2.52330541611,-0.00624041771516,2.51159906387,-0.720822811127,0.0558055043221,0.000188758000149,-0.00014695871505,6.29300629953e-05,0.000154358436703,-2.12025634028e-06,0.000186082543223,-0.000451159023214,0.461591465151,0.00396272090207,0.174758665356,0.00265036886425,0.93332975805,0.358970182114,0.00538017851629
0.113479144871,-0.0237527899444,-0.104991741478,-2.52329945564,-0.00623916042969,2.51160120964,-0.720822751522,0.0558055043221,0.000243150119786,-0.000232120932196,-0.000233459693845,0.000303265289403,6.10911010881e-05,-5.62202258152e-05,-0.000304170767777,0.461592939247,0.00396393296348,0.174755853061,0.00264999374427,0.933329444024,0.358971026458,0.00537850347286
0.113478153944,-0.0237402860075,-0.104992695153,-2.52330064774,-0.00624118279666,2.51160001755,-0.720823585987,0.0558055043221,0.000558513216674,0.000754278036766,7.90500707808e-05,-0.000201203583856,1.52281863848e-05,-0.000111418681627,0.00486267963424,0.461590154816,0.00396269053058,0.174749543049,0.00264856874894,0.933329388508,0.358971291792,0.0053711251569
0.113477915525,-0.0237353108823,-0.104992695153,-2.52330541611,-0.00624068127945,2.51159930229,-0.720826208591,0.0558055043221,0.00017836772895,0.00171278021298,0.0035822133068,2.37126641878e-05,-5.39977372682e-05,5.86225432926e-05,0.000306121102767,0.461586947007,0.00396250343662,0.174745350899,0.00264685167116,0.933329058293,0.358972236718,0.00536619726743
0.113477192819,-0.0237334780395,-0.10499394685,-2.52330207825,-0.00623955391347,2.51159954071,-0.720827102661,0.0558055043221,-0.000333344942192,0.000267720868578,-4.6085951908e-05,0.00064327090513,0.000143379773363,1.06462694021e-05,0.000274655059911,0.461588306348,0.00396164040007,0.174745819949,0.00264692813466,0.933329411663,0.35897130388,0.00536710086098
0.113474652171,-0.0237293876708,-0.104993186891,-2.52330231667,-0.00624037533998,2.51160049438,-0.720825493336,0.0558055043221,-0.00027526562917,-0.000126875325805,-0.000163450837135,0.000553801306523,1.22717792692e-05,1.06335355667e-05,0.000230479214224,0.461587765518,0.00396069683378,0.174743937357,0.00264677608845,0.933329909441,0.358970036649,0.00536536970698
0.113475888968,-0.0237273406237,-0.104996211827,-2.52330112457,-0.00624161399901,2.51160001755,-0.720825612545,0.0558055043221,-0.000215641251998,-0.000365781132132,-8.40235225041e-05,0.00017206009943,-8.78096107044e-05,-1.75562576032e-07,-3.7207006244e-05,0.461587914056,0.00395977694259,0.174743411887,0.00264696121194,0.933330033751,0.358969723696,0.00536459220169
0.113476186991,-0.023720158264,-0.104993864894,-2.52329969406,-0.00623985659331,2.51160001755,-0.720827579498,0.0558055043221,-0.000395374605432,0.000844057940412,9.28445006139e-05,0.000338451558491,9.04175030882e-05,-2.80579079117e-05,-0.000290620489977,0.461587402219,0.00396085742498,0.174740404898,0.0026457365575,0.933329483923,0.358971206793,0.0053616132661
0.113478340209,-0.0237000957131,-0.104993656278,-2.52330183983,-0.00623965170234,2.51159977913,-0.72082734108,0.0558048449457,0.00015084646293,-0.000146855949424,0.000233371858485,0.000185824101209,7.57672387408e-05,0.000146181861055,-0.000782436574809,0.461583217154,0.00396170059127,0.174730609379,0.00264284950573,0.9333291793,0.358972176084,0.00535115833468
0.1134724617,-0.0237003229558,-0.104995436966,-2.52330207825,-0.006240518298,2.51160144806,-0.720827996731,0.0558048449457,-1.85544577107e-05,-0.000132478526211,8.90858937055e-05,-0.000259299704339,-2.54802398558e-05,-5.17466614838e-05,-6.15513226876e-06,0.461583533313,0.00395813035399,0.17473077075,0.00264336833873,0.933330306173,0.358969232147,0.0053518444804
0.113477990031,-0.0236956384033,-0.104991964996,-2.52330136299,-0.00624088663608,2.51159977913,-0.720830321312,0.0558048449457,-0.000219084307901,0.000136281421874,-0.000180741641088,0.000157742906595,-9.37213644647e-06,-7.03512996552e-05,-8.58503699419e-05,0.461582739635,0.00396216317964,0.174728749551,0.00264274155716,0.933328235279,0.358974662157,0.0053490897987
0.113477014005,-0.0236931163818,-0.104994527996,-2.52330136299,-0.00624016672373,2.51159954071,-0.72082901001,0.0558048449457,-9.81778794085e-06,-0.000584424939007,3.02393855236e-05,-0.000243091635639,-0.00017751933774,5.67310999031e-05,-2.1495283363e-05,0.461582303446,0.00396053526961,0.1747275672,0.00264215985788,0.93332921691,0.358972132882,0.0053478362324
0.113477945328,-0.0236940030009,-0.104994036257,-2.52329874039,-0.00624041911215,2.51160168648,-0.720829248428,0.0558048449457,-0.000200591704925,9.37257209443e-05,3.92640940845e-05,-0.000235920291743,-7.4462682278e-06,-0.000120336437249,1.76450503204e-05,0.461584025356,0.00396113897732,0.174728936382,0.00264305342937,0.933328935498,0.358972823769,0.00535013191374
0.113478541374,-0.023682648316,-0.104992955923,-2.52330374718,-0.0062394333072,2.51159906387,-0.720827996731,0.0558048449457,-8.77135753399e-05,0.001068790094,0.000398892880185,-0.000889352348167,0.000115363756777,5.74651785428e-05,-9.51071197051e-05,0.461579406009,0.00396180587967,0.174721798634,0.00264014798139,0.93332898141,0.35897285423,0.00534150631818
0.113475523889,-0.0236827097833,-0.104994863272,-2.5233039856,-0.006240027491,2.51159954071,-0.720829904079,0.0558048449457,-6.89908756613e-06,-0.000531683966983,-0.000148294464452,-0.000179947412107,2.41833404289e-05,-2.86467638944e-05,9.33386545512e-05,0.46157942523,0.00395950744097,0.174721775744,0.00264035828066,0.933329436081,0.35897166939,0.00534158350557
0.11347399652,-0.0236845407635,-0.10499574244,-2.5233027935,-0.00623892713338,2.51160097122,-0.720830440521,0.0558048449457,-0.000263898284175,-0.000320228660712,-0.000169950290001,0.000395189243136,2.7180336474e-05,-6.17385157966e-05,0.00023089593742,0.461580600783,0.00395850461388,0.174723205593,0.00264073633444,0.933329919467,0.358970376647,0.00534381091327
0.113475255668,-0.0236832909286,-0.104994721711,-2.52329969406,-0.00623894482851,2.51160097122,-0.720830321312,0.0558055043221,0.000163806369528,-0.00099567649886,0.000151863496285,-0.000670802197419,-3.65396299458e-05,-4.79898917547e-05,-0.00021418002143,0.461581727915,0.00395967136299,0.174724023673,0.00264117404681,0.933329444372,0.358971595151,0.00534471961387
0.113476805389,-0.02368189767,-0.104992650449,-2.52330064774,-0.00624063936993,2.51159906387,-0.720832049847,0.0558055043221,-0.000590488431044,0.000675493385643,-0.00208338908851,0.000334947224474,1.83374993412e-06,0.000116635688755,-0.000329848669935,0.46158077042,0.00396107070229,0.174722652601,0.00264095180397,0.933328331339,0.35897452428,0.00534246161104
0.113482929766,-0.0236717276275,-0.104990713298,-2.52330160141,-0.00624010711908,2.51160049438,-0.720834076405,0.0558055043221,0.000205972246476,-0.000539292872418,-4.7250323405e-05,-0.000317211990478,6.01483261562e-05,-2.55762370216e-05,-0.000186963225133,0.461578997192,0.00396463424628,0.174717747059,0.00263961374239,0.933326621075,0.358979049784,0.00533782101799
0.113482065499,-0.02366787754,-0.104991354048,-2.52330493927,-0.00624063471332,2.51160168648,-0.720832586288,0.0558055043221,-0.000384113955079,0.000417380244471,-4.30952095485e-05,-0.000100683573692,-1.116418116e-05,1.75680306711e-05,0.0001050209612,0.461577068345,0.00396383577656,0.174714796674,0.00263889081088,0.933327095968,0.3589778638,0.00533490158392
0.11347990483,-0.0236744601279,-0.104991257191,-2.52330136299,-0.00623932993039,2.51159858704,-0.720832824707,0.0558055043221,-0.000644051993731,0.000619662401732,-0.000532395439222,0.000331414281391,3.33267526003e-05,-2.38966040342e-05,-0.000411131797591,0.461579138088,0.00396307793014,0.174718920139,0.00263945172458,0.933327596785,0.358976504979,0.00533843916641
0.113476991653,-0.0236716642976,-0.104994162917,-2.52330088615,-0.00623999256641,2.51159977913,-0.720833361149,0.0558055043221,-0.000250795972534,-0.000449444371043,-3.70596389985e-05,-8.93309115781e-05,-4.32895176345e-05,-1.57067970576e-05,8.68172064656e-05,0.461579207558,0.00396031987753,0.174717925725,0.00263955920092,0.933328451597,0.358974291196,0.00533780034976
0.113478466868,-0.0236650500447,-0.104993335903,-2.52330327034,-0.00624067289755,2.51159977913,-0.720833063126,0.0558055043221,0.000291306205327,0.000600813538767,0.000235184212215,-9.37267905101e-05,-3.32829549734e-05,3.61910169886e-05,-7.08876905264e-05,0.461577023947,0.00396121402696,0.174713968779,0.00263850271731,0.933328015332,0.358975498444,0.00533341377724
0.113479450345,-0.0236585214734,-0.104990065098,-2.52330207825,-0.00624033994973,2.51159977913,-0.720835089684,0.0558055043221,0.000105884668301,0.000200465437956,0.000149848463479,-0.000648210349027,0.000116945244372,-8.2095626567e-05,0.000162320502568,0.46157654907,0.00396307106719,0.174711436315,0.00263783146321,0.933326949855,0.358978311814,0.00533083968555
0.11348310858,-0.0236590355635,-0.104987725616,-2.52330112457,-0.00623928382993,2.51160001755,-0.720833361149,0.0558055043221,-0.000255270075286,-0.000613843323663,-0.000219368928811,-0.000429239298683,0.000172959160409,4.64131917397e-05,0.000613222713582,0.461576480878,0.00396579493508,0.174711372585,0.00263796987907,0.933326240563,0.358980150067,0.00533116632535
0.113478004932,-0.0236564911902,-0.104993224144,-2.52330040932,-0.00623956648633,2.51160049438,-0.720837175846,0.0554922744632,-0.000545274815522,0.000641393882688,-0.000143249999383,-0.000360975885997,-3.56287237082e-05,3.72541217075e-05,0.000115712333354,0.461577196563,0.00396097367235,0.174711210547,0.00263775971965,0.933327512982,0.358976845049,0.00533105417389
0.113472267985,-0.0236613936722,-0.104996055365,-2.5233027935,-0.00623968383297,2.51159977913,-0.720838725567,0.0554922744632,0.000181620445801,9.41453690757e-05,-9.52750706347e-05,-0.000145134952618,3.62689243047e-05,8.01903115644e-06,-0.000216917396756,0.46157663731,0.00395714061156,0.174712392393,0.00263778199074,0.933328736394,0.358973653058,0.00533179353191
0.113473035395,-0.0236566271633,-0.104995049536,-2.52330136299,-0.00623940676451,2.51160001755,-0.720839321613,0.0554922744632,-0.000111268425826,-0.000201336762984,0.000192631225218,8.10924393591e-05,1.10837197553e-06,-0.000201732240384,-0.00010205504077,0.461576685962,0.00395785159382,0.174710859032,0.00263748527766,0.933328373657,0.358974618155,0.0053304599351
0.113479331136,-0.0236513353884,-0.104995027184,-2.52330255508,-0.00623983284459,2.51159930229,-0.720842301846,0.0554922744632,0.00042151438538,0.000189018057426,0.00062837387668,0.000401661643991,-2.08010660572e-05,0.000206437980523,0.000850193493534,0.461575105572,0.0039606423894,0.174707904279,0.00263659813109,0.933326661018,0.358979129346,0.00532696561069
0.113486751914,-0.0236490741372,-0.104989208281,-2.52330422401,-0.0062413145788,2.51160001755,-0.720843970776,0.0554922744632,-0.000215868334635,-0.000836546299979,0.000490053207614,0.000403339159675,-1.33364856083e-05,4.59355651401e-05,0.000664974970277,0.461574062323,0.0039666017749,0.174706292673,0.00263659372758,0.933323778162,0.358986649708,0.00532527058399
0.113486245275,-0.0236456077546,-0.104989260435,-2.52329993248,-0.00623964518309,2.51159977913,-0.720844507217,0.0554922744632,2.50633802352e-05,0.000428115861723,0.00018461169384,8.17551845103e-05,7.57975358283e-05,0.000108758023998,-0.000372307928046,0.461575509433,0.00396639116914,0.174706338504,0.00263640807768,0.93332402341,0.358986007664,0.00532566103762
0.113482125103,-0.0236493982375,-0.104989215732,-2.52329945564,-0.0062403534539,2.51160025597,-0.720847308636,0.0554922744632,0.000296611222439,0.000424749654485,-0.000487332727062,-8.65037654876e-05,6.59028410155e-06,3.1608655263e-05,3.01157833746e-05,0.461576453267,0.00396453972701,0.174708306162,0.00263726609094,0.933324137802,0.35898567132,0.00532786026997
0.113480880857,-0.023645311594,-0.104990839958,-2.52330136299,-0.00623928243294,2.51160025597,-0.720846652985,0.0554922744632,8.96078345249e-05,-0.00042046996532,-8.45360627864e-05,4.76337118016e-05,-8.29240452731e-05,-0.000139282667078,-7.75759326643e-05,0.461574912225,0.00396320481762,0.174705690955,0.00263610751299,0.933324939601,0.358983636162,0.00532510173512
0.113480709493,-0.0236417576671,-0.104992754757,-2.52330303192,-0.00623913202435,2.5116007328,-0.720846951008,0.0554922744632,-0.0022306216415,-0.000597234698944,-0.000322420673911,0.000457704561995,9.09918890102e-06,-5.03052215208e-05,-6.53135211905e-05,0.461573669881,0.00396219055961,0.174703455392,0.00263539371512,0.933325293463,0.358982754905,0.00532284204423
0.113486766815,-0.023641563952,-0.104988120496,-2.5233039856,-0.00623940164223,2.51159834862,-0.720846533775,0.0457322373986,0.000289215677185,-0.000345950393239,0.000362566352123,-7.96821623226e-05,6.24742533546e-05,-9.24543746805e-06,0.000347424851498,0.461572625553,0.00396707834012,0.174702787186,0.00263488771558,0.933323419793,0.358987654956,0.00532115660469
0.113488651812,-0.0236427430063,-0.104987673461,-2.52330160141,-0.00624057790264,2.51159977913,-0.720847427845,0.0457322373986,0.00305996718816,0.000444403791334,-0.000632500217762,8.43936650199e-05,-1.38762006827e-05,-6.17447076365e-05,0.000857029866893,0.461574249798,0.00396811782302,0.174704380194,0.00263603070551,0.933322658358,0.358989593027,0.00532339375351
0.113481260836,-0.0236321371049,-0.104994252324,-2.52330851555,-0.00623918464407,2.51159667969,-0.720848143101,0.0457322373986,-0.000145051584695,0.000109638574941,0.000355037016561,0.000240894791204,-9.04222761164e-05,6.71088273521e-05,-0.000170760031324,0.461568665635,0.00396155468306,0.174696550605,0.00263252528233,0.933325289391,0.358982921776,0.00531371365723
0.113480724394,-0.0236339829862,-0.104990184307,-2.52330327034,-0.00624108547345,2.51159906387,-0.720850288868,0.0457322373986,-0.000444285193225,-0.000296024547424,0.00040321025881,0.000488462042995,0.000111141183879,-1.1120670024e-05,-0.000193480300368,0.461571699686,0.00396306016218,0.1746993571,0.00263449582395,0.933324024664,0.35898613703,0.00531766127516
0.113487191498,-0.02363169007,-0.104989461601,-2.52329874039,-0.00623937696218,2.51160144806,-0.72084993124,0.0457322373986,0.000208343873965,-0.000228505654377,0.000150859981659,-0.000180868271855,-5.20130233781e-05,0.0002545726893,0.000102636608062,0.461574248534,0.00396651069443,0.17470056124,0.00263509519081,0.933322982185,0.358988804029,0.00532028805879
0.113487556577,-0.0236341394484,-0.10498842597,-2.52330088615,-0.00623821187764,2.51159238815,-0.720851242542,0.0457322373986,0.000135026231874,0.000855558086187,0.00306890252978,0.000683297635987,-9.48761662585e-05,-0.00035880933865,-0.000185254699318,0.461573226759,0.00396627231484,0.174699373651,0.00263572737262,0.933322833201,0.358989152186,0.0053226181829
0.113509006798,-0.0236625503749,-0.104977838695,-2.52324962616,-0.00623750360683,2.51162052155,-0.720857739449,0.0457322373986,0.000426819926361,-0.000704742386006,-2.56501625699e-05,-0.000713184650522,0.000167078673257,6.00147950536e-06,1.92098632397e-05,0.461606103166,0.00398346758853,0.174735839886,0.00265032747821,0.933315298525,0.359007963274,0.00536761533628
0.113513119519,-0.0236691981554,-0.104977436364,-2.52325391769,-0.00623722886667,2.51162099838,-0.720860242844,0.0457322373986,0.000497169501614,0.000986467348412,0.000349284353433,0.00310136307962,-2.22725102503e-05,0.000218097615289,-0.00028075548471,0.461605601278,0.00398497940613,0.174736891426,0.00265051996078,0.933314379785,0.359010332307,0.00536881848393
0.113545559347,-0.0237032212317,-0.104964070022,-2.52311635017,-0.00623795529827,2.51163601875,-0.72086340189,0.0382311344147,0.00345168495551,0.00057447416475,-1.73306580109e-06,0.0080359550193,-5.44601098227e-05,-0.000231857120525,3.92218425986e-05,0.461679538571,0.00400711841146,0.174807075724,0.00268177394882,0.933305045579,0.359033040724,0.00545667836864
0.113578423858,-0.0237231794745,-0.104956865311,-2.52292323112,-0.00623679673299,2.51163458824,-0.720863282681,0.0382311344147,0.00318696023896,-0.00268742744811,0.00114223582204,0.0111078443006,8.91682939255e-05,0.000536407751497,6.57975106151e-05,0.461774128593,0.00402661989268,0.1748908017,0.00271757108613,0.933297550696,0.359050727098,0.00555623323642
0.113624706864,-0.0237298067659,-0.104946881533,-2.52275538445,-0.00623678648844,2.51163315773,-0.720863997936,0.0382311344147,0.00339057506062,0.00140745355748,0.00197626138106,0.00686241034418,-0.000135894777486,-0.000374608847778,3.40573169524e-05,0.46185451695,0.00405321307585,0.17495865195,0.00274756532603,0.933286916287,0.35907687503,0.00563739978129
0.113661959767,-0.0237147025764,-0.104939088225,-2.52266645432,-0.00623720977455,2.51162600517,-0.720865190029,0.0382311344147,0.00166686601005,0.00125925987959,-0.000119264914247,0.00194213003851,-1.42570911521e-06,0.000230541831115,0.000357739947503,0.461892727532,0.00407395527673,0.174985477937,0.00276011998804,0.933278404505,0.359098413752,0.00566836387687
0.113764882088,-0.0236622933298,-0.104928672314,-2.5227098465,-0.00623743282631,2.51161575317,-0.720865905285,0.0382311344147,-0.000254758720985,0.000473790976685,0.000259528751485,0.000831087410916,-0.00197569094598,0.000120438598969,0.000142359785968,0.461861155473,0.00412513853327,0.174943698334,0.00274402092963,0.933258164974,0.359151925944,0.00561797427064
0.113795153797,-0.0236667860299,-0.10492785275,-2.5227022171,-0.00623686285689,2.51161599159,-0.720866918564,0.0382311344147,0.000973389076535,-0.000210756916204,-2.19555950025e-05,-0.000218529050471,6.84444603394e-05,-0.000165014120284,0.000105077204353,0.461865415129,0.00413963460242,0.174948735915,0.00274573027426,0.933252451571,0.359166665624,0.00562393024414
0.113809101284,-0.023659883067,-0.104928486049,-2.52272129059,-0.00623719953001,2.5116147995,-0.720865726471,0.0382311344147,3.06920128423e-06,-0.000463654403575,0.00193046522327,-0.000736124697141,-6.16354082013e-05,-0.000351574912202,0.000105646060547,0.461854939191,0.00414557666177,0.174938077928,0.00274135782463,0.933250292561,0.359172509781,0.00561108687117
0.113813750446,-0.0236558951437,-0.104927442968,-2.52272081375,-0.00623814947903,2.5116121769,-0.720866680145,0.0382311344147,-0.000244410941377,0.000429324572906,0.000134611764224,0.00190886121709,2.68135427177e-05,0.000538207998034,-0.000120358126878,0.461853946081,0.00414806836625,0.174936193935,0.00274075066836,0.933248978931,0.359175974993,0.00560805524727
0.113864384592,-0.0237360391766,-0.104916594923,-2.5226354599,-0.00623726146296,2.51162624359,-0.720867216587,0.0382311344147,0.00179916713387,0.000126021521282,-0.0018413256621,-0.000234957362409,-9.45556239458e-05,-5.23114686075e-05,-0.000264851027168,0.461909959282,0.00417823997252,0.175007318702,0.00276791499381,0.933237512101,0.359204214659,0.0056935498528
0.113895766437,-0.0237276684493,-0.104914419353,-2.52263689041,-0.00623725634068,2.51162719727,-0.720867693424,0.0382311344147,0.000859994557686,0.0011804420501,2.50014836638e-05,-5.73286197323e-05,-6.67566710035e-05,-0.000136917064083,-0.000309536146233,0.461908032835,0.00419358033737,0.175003008818,0.0027667086854,0.933231422961,0.359220110646,0.00568931578658
0.113922141492,-0.0237068329006,-0.104910813272,-2.52262568474,-0.00623814715073,2.51162838936,-0.720869123936,0.0382311344147,0.00213667424396,0.000533436774276,0.00355874723755,0.000179496128112,-7.85400625318e-05,6.90555825713e-05,-1.35132331707e-05,0.461910230373,0.00420703038331,0.174997884995,0.00276647584818,0.933225677411,0.359235107399,0.00568497403894
0.113946974277,-0.0237135719508,-0.104909040034,-2.52261734009,-0.00623731035739,2.51162981987,-0.720867097378,0.0382311344147,-0.000171017221874,-0.000718937139027,-0.000210855214391,0.000412737252191,4.74020889669e-05,-7.42687961974e-06,0.000175398439751,0.461915608925,0.00421965514971,0.175004654267,0.00276884192239,0.933221296764,0.359246336269,0.00569335960862
0.113949939609,-0.0237206127495,-0.104911059141,-2.52261996269,-0.0062371455133,2.51163029671,-0.72086918354,0.0360746383667,0.000126538725453,0.000806878728326,0.000521826557815,-0.000226165226195,-6.34518146398e-05,-2.74087069556e-05,-0.000323434360325,0.461915414749,0.00422008879842,0.175006602046,0.00276917746984,0.933220806378,0.359247575866,0.00569535945499
0.113949924707,-0.0237156506628,-0.104911468923,-2.52261519432,-0.00623738951981,2.51163101196,-0.720868825912,0.0360746383667,-0.000684943282977,0.000350967864506,-0.000112593334052,0.000764347088989,-6.61826852593e-05,0.000225323616178,0.000189797981875,0.461917062473,0.00421980920577,0.175006231853,0.00276957878726,0.933220911282,0.359247298003,0.00569550188731
0.113946445286,-0.0237096883357,-0.104914732277,-2.52260375023,-0.00623722840101,2.51163125038,-0.720871329308,0.0360746383667,-0.000326792884152,-0.000783411145676,-0.000192468709429,6.30371141597e-05,-2.91500164167e-05,-0.000198615933186,-0.000358675228199,0.461921650981,0.00421664850233,0.175007938479,0.00277082354481,0.933221683903,0.359245240156,0.00569809970776
0.113954089582,-0.0237077940255,-0.104907929897,-2.52261018753,-0.0062389401719,2.5116288662,-0.720871686935,0.0360746383667,0.000514192797709,-2.47852931352e-05,0.000398304895498,-0.000490783189889,-0.000187248035218,0.000264817062998,-0.0023371912539,0.461917362853,0.00422369530535,0.175003944315,0.00276944158307,0.933218620309,0.35925329839,0.00569246716884
0.113959610462,-0.0237176697701,-0.104904979467,-2.52261376381,-0.0062389546074,2.51162981987,-0.72087174654,0.0360746383667,-0.000377905118512,-0.000777822046075,-0.000605141860433,-0.000281563814497,-2.90921561827e-05,4.28733692388e-05,-0.000153348300955,0.461917736137,0.00422720248308,0.17500761228,0.00277034946322,0.933217249673,0.359256789047,0.00569642749771
0.113949887455,-0.0237127412111,-0.104908652604,-2.5226123333,-0.00623707985505,2.51162981987,-0.720871627331,0.0360746383667,6.58638819004e-05,0.000246231618803,-4.36218651885e-05,0.00040377228288,-4.91236714879e-05,-4.95427775604e-05,0.000133640322019,0.461917696693,0.00422105353032,0.175005897224,0.0027694555486,0.933219958292,0.359249784118,0.00569489757068
0.113956302404,-0.0237073432654,-0.104905642569,-2.52261018753,-0.00623892527074,2.51162862778,-0.72087174654,0.0360746383667,0.000314109754981,-9.63140337262e-05,-0.000161929579917,0.000339426216669,7.93846993474e-05,3.15984216286e-05,-0.000351092254277,0.461917573708,0.00422519509189,0.175004143011,0.0027694709631,0.933217989923,0.359254934469,0.00569254415095
0.113954126835,-0.0237093735486,-0.104906588793,-2.52260756493,-0.00623798696324,2.51162934303,-0.720871686935,0.0360746383667,-0.000410635722801,-4.24410500273e-05,-0.000325093424181,0.000199948961381,5.72327771806e-05,-2.96782127407e-05,0.00163624703418,0.461919308182,0.00422385861185,0.175006154199,0.00277004571683,0.933218683238,0.359253087181,0.00569518556346
0.113951981068,-0.0237085800618,-0.104909174144,-2.52261757851,-0.0062382160686,2.51162743568,-0.720870673656,0.0360746383667,0.000290327239782,-0.000813459395431,-0.000178624715772,0.000152604159666,0.000115997048852,0.000164502213011,0.000103977377876,0.461914022288,0.00422161597991,0.175001739297,0.00276790462597,0.93321971376,0.359250521605,0.00568919720284
0.113950528204,-0.0237034857273,-0.104908205569,-2.52260041237,-0.00623691780493,2.51162981987,-0.720871925354,0.0360746383667,-0.000184359407285,0.000374940602342,-0.00074941443745,-0.000105527935375,0.000823683629278,5.16947220603e-05,2.72754969046e-05,0.461921905464,0.00422147425084,0.175006001015,0.00277031689895,0.933219662235,0.359250533035,0.00569574950276
0.113962046802,-0.023697109893,-0.104900725186,-2.52261352539,-0.00623823655769,2.51162815094,-0.720872223377,0.0344986394048,0.000285342277493,-0.000247287156526,-0.00265965680592,-0.00194940681104,-0.000259535387158,0.000432415923569,-0.000434035260696,0.461914231617,0.00422994428385,0.174998112669,0.00276735525114,0.933216125513,0.359259899428,0.0056858750537
0.113962396979,-0.0237034074962,-0.104898571968,-2.52263665199,-0.00623929034919,2.51162552834,-0.720874607563,0.0344986394048,-0.000721860502381,0.00017779909831,-0.000410915352404,5.81587619308e-06,7.28401209926e-05,-0.000156570618856,-0.00017334210861,0.461903577979,0.00423057389321,0.174991772492,0.00276389600991,0.933215324569,0.359262153095,0.00567661049451
0.113954886794,-0.0237293131649,-0.104904711246,-2.5226187706,-0.00623848056421,2.51160669327,-0.720875322819,0.0344986394048,0.000313478696626,0.000740438525099,0.000109906563011,0.00065659719985,-0.000112332912977,-0.000385098333936,0.000239057262661,0.461912161749,0.00422528965783,0.175008925559,0.00276682350493,0.933217527612,0.359256213399,0.00568890716325
0.11395971477,-0.0237668715417,-0.104898504913,-2.52259087563,-0.00623916229233,2.51157021523,-0.720872044563,0.0344986394048,0.000369566056179,-0.00417245272547,-0.000461114919744,0.00229240115732,0.000121799494082,-0.0014984505251,0.000379930512281,0.461924834998,0.00423090296179,0.17503633477,0.00277062816947,0.933216050925,0.359259776474,0.00570426240351
0.113959722221,-0.0238685104996,-0.104899905622,-2.52241277695,-0.00623842282221,2.51118683815,-0.720874845982,0.0344986394048,-0.000820015382487,-0.00857879407704,-8.62374363351e-05,0.0139232287183,-7.47814701754e-05,-0.0428830459714,0.000235460611293,0.46194050737,0.00423158423833,0.175114489864,0.00274776802296,0.933216306625,0.359260054294,0.00565578404972
0.113947570324,-0.0240249652416,-0.104904301465,-2.52209401131,-0.00624047359452,2.51016831398,-0.720874190331,0.0344986394048,-0.000731619482394,-0.0159826129675,-0.000743186508771,0.0257347691804,-5.12732985953e-05,-0.0918676182628,0.000346459972207,0.461894827753,0.00422447652717,0.175217363819,0.00264761640735,0.933220982937,0.359252553247,0.00540275891796
0.113921687007,-0.0244155507535,-0.104920372367,-2.52139234543,-0.00623986776918,2.50760698318,-0.720875859261,0.0344986394048,-0.00151215621736,-0.0286241006106,-9.40161553444e-05,0.042206492275,-0.000175943496288,-0.171452760696,-0.000476247369079,0.461731560318,0.00420641242533,0.17543657647,0.00237618808159,0.933232924485,0.359233063753,0.00471889609621
0.113930128515,-0.0267797615379,-0.104911491275,-2.51738381386,-0.00624332344159,2.49397158623,-0.720874965191,0.0344901047647,0.0024746384006,-0.0815893858671,-7.02553879819e-05,0.13893212378,-0.000294817524264,-0.428845852613,0.000141304597491,0.460997683436,0.0042282153433,0.17696025797,0.000939502911325,0.933245333332,0.359236596321,0.00115442495577
0.113932989538,-0.0287732686847,-0.104907281697,-2.51444673538,-0.00624578725547,2.48506116867,-0.720876038074,0.0344901047647,-0.0005321384524,-0.130437672138,0.000875243800692,0.169425413013,-0.00019438007439,-0.512673199177,9.0214125521e-05,0.460774796697,0.00424588265262,0.178116726086,0.000240973622885,0.933247215774,0.359234365426,-0.000496552117834
0.113944284618,-0.031386770308,-0.10490000248,-2.51083922386,-0.00625023152679,2.47492980957,-0.720878601074,0.0344901047647,-0.000140631949762,-0.158639222383,6.95079797879e-05,0.231468468904,-0.000499102869071,-0.605956792831,-0.000283101806417,0.460657701374,0.00427921036374,0.179827493781,-0.000550555346561,0.933243304224,0.359237195217,-0.00229548851989
0.11394367367,-0.0353325232863,-0.104900248349,-2.50511860847,-0.00625188043341,2.46082210541,-0.720874607563,0.0344901047647,-0.000921164697502,-0.223356872797,-0.000495257321745,0.307467788458,-0.000283745554043,-0.738257050514,-0.000338807003573,0.460859170591,0.00432143964002,0.182797297751,-0.00154017004634,0.933240778067,0.359221004764,-0.00442124988547
0.113937348127,-0.0406044386327,-0.104905217886,-2.49855732918,-0.00625340500847,2.44486832619,-0.7208750844,0.0344901047647,-8.13846054371e-05,-0.286986559629,-0.00028080822085,0.3390442729,-9.14630436455e-05,-0.831283211708,0.000381966121495,0.461181474296,0.00437216014413,0.186254731978,-0.00244284191764,0.933235845108,0.359202777942,-0.00618497633067
0.113918490708,-0.0470272302628,-0.104921169579,-2.4901869297,-0.00625731190667,2.4269888401,-0.720874547958,0.0344901047647,-0.00117749150377,-0.34619051218,-0.000695686845575,0.463465243578,-0.000386895844713,-0.933713912964,0.000382180325687,0.462045961652,0.00442764165793,0.190977925795,-0.00326377599056,0.933235089735,0.359172244797,-0.00754409077082
0.113897167146,-0.0549755804241,-0.104931414127,-2.48005652428,-0.00626292917877,2.40690040588,-0.720873951912,0.0344901047647,0.000839087588247,-0.442698031664,0.00118381669745,0.540538787842,-0.000671414483804,-1.07023024559,0.000591735297348,0.463434718425,0.00450535220585,0.197294534222,-0.00400087893106,0.933235281167,0.359145109329,-0.00840791791547
0.113948866725,-0.0671685636044,-0.104892365634,-2.46503400803,-0.00627637561411,2.37832665443,-0.720878064632,0.0344901047647,-0.000298111408483,-0.526562929153,0.0011433562031,0.673533260822,-0.00136520259548,-1.20547103882,-0.000723166274838,0.465438113647,0.00466445526825,0.206226824249,-0.00474539881317,0.933214194219,0.359180308572,-0.00884615831338
0.113940656185,-0.0783635228872,-0.104894444346,-2.45048141479,-0.00628336146474,2.35300946236,-0.720876038074,0.0344835370779,0.000807843636721,-0.601374208927,3.99070268031e-05,0.741614818573,0.000153321510879,-1.31963551044,-0.000392512913095,0.467664396779,0.00475912712916,0.215228934473,-0.00517193818354,0.933219317017,0.359169717999,-0.00848944984627
0.1139665097,-0.08931299299,-0.104869000614,-2.43686294556,-0.00627428246662,2.33001279831,-0.72087430954,0.0344835370779,0.00145168241579,-0.674690365791,0.00211327150464,0.858252704144,0.000554262544028,-1.3890838623,0.000609549577348,0.469750880478,0.00486943889638,0.224027358116,-0.00539594777098,0.93321832786,0.359188940296,-0.00759875967417
0.113962799311,-0.124620333314,-0.104846343398,-2.39042711258,-0.00627704011276,2.25962686539,-0.720835566521,0.0344835370779,-0.000903741572984,-0.800615906715,-0.00151154922787,1.09111344814,0.000251125922659,-1.53652501106,0.00241078156978,0.476911182729,0.00504533295018,0.254393188423,-0.0050213244698,0.933249300291,0.359189871679,-0.00177920611419
0.113936372101,-0.138683333993,-0.104860849679,-2.37131071091,-0.00628466950729,2.23322677612,-0.720793008804,0.0344835370779,-9.72311681835e-05,-0.859228491783,-0.000736578658689,1.14334070683,0.00206244271249,-1.5682914257,0.00509625952691,0.479707983692,0.00504098044071,0.267150381287,-0.00448177762835,0.933265545176,0.359155657106,0.00159671854564
0.113924369216,-0.152960583568,-0.104873433709,-2.35093736649,-0.00627571111545,2.20621919632,-0.720599651337,0.0344835370779,-0.0027238111943,-0.856128811836,-0.00278566358611,1.23236811161,-0.00189093220979,-1.5911539793,0.0137510402128,0.482459326462,0.00500996698769,0.280653528871,-0.00380877252987,0.933295625134,0.359048461047,0.00538253313889
0.113846123219,-0.195119395852,-0.104859180748,-2.288230896,-0.00627457536757,2.12917375565,-0.719183385372,0.0344421677291,0.000662488047965,-0.871597111225,0.00526041397825,1.35778737068,0.00648799212649,-1.60298240185,0.0406357645988,0.489552345278,0.00469160083363,0.323629375308,-0.000848622558929,0.933415447084,0.358275163765,0.0193336416589
0.113755859435,-0.210384383798,-0.10488474369,-2.26493120193,-0.0062993071042,2.1023015976,-0.718445062637,0.0344421677291,-0.00806336663663,-0.90398311615,-0.00185950181913,1.36604762077,-0.00757632683963,-1.56447708607,0.0483333431184,0.491243003081,0.00447472161369,0.337639821,0.000328732677074,0.933446972973,0.357885917247,0.0243784844398
0.11354432255,-0.224920004606,-0.104880325496,-2.24295210838,-0.00631915777922,2.07724881172,-0.717475414276,0.0344421677291,-0.0175760108978,-0.917397558689,-0.000253333128057,1.3526045084,-0.00555776944384,-1.55081784725,0.0714443773031,0.492739125382,0.00411252401544,0.354680777366,0.00180191021935,0.933521757488,0.35720395716,0.0306465999958
0.113100893795,-0.2452159971,-0.104952603579,-2.21314382553,-0.0065509295091,2.04361820221,-0.715868294239,0.0344421677291,-0.0287501774728,-0.90374559164,-0.00129699765239,1.31536900997,-0.0267964079976,-1.49857842922,0.0703093037009,0.493698147846,0.00348521100504,0.374738141929,0.00369638233389,0.933619211346,0.356196953181,0.0382783906822
0.112185023725,-0.269087940454,-0.105209738016,-2.1793589592,-0.00812741741538,2.00590062141,-0.713854491711,0.0344421677291,-0.0500529333949,-0.922684967518,-0.0144692771137,1.26453959942,-0.106972888112,-1.38253998756,0.0687088146806,0.4936891332,0.00213968948463,0.399129984531,0.0066602576822,0.933687217687,0.354831769381,0.0477308665223
0.111152380705,-0.285739183426,-0.105524882674,-2.1572034359,-0.0107958074659,1.9814504385,-0.71285790205,0.0344421677291,-0.0691042169929,-0.894992172718,-0.0136191686615,1.19070756435,-0.182030051947,-1.32687389851,0.0399757996202,0.493001044416,0.000721366470685,0.414782987172,0.00933155278713,0.933618673344,0.354062559489,0.0539332787802
0.109766408801,-0.302776217461,-0.106156595051,-2.1356780529,-0.0153630413115,1.95795631409,-0.712437272072,0.0344421677291,-0.0767118036747,-0.888450443745,-0.0445381440222,1.08097612858,-0.280213743448,-1.19682586193,0.0115639623255,0.491611510355,-0.00160984914474,0.432193254788,0.0133089545898,0.93340750203,0.353368779892,0.0608589513875
0.108045905828,-0.31865054369,-0.107092700899,-2.11694455147,-0.021341888234,1.9378143549,-0.712390184402,0.0344421677291,-0.114729173481,-0.860955119133,-0.059328623116,0.993690729141,-0.369829773903,-1.05630743504,-0.00437641143799,0.489904498183,-0.00442361856376,0.447086632514,0.0177146545387,0.933183841924,0.352674774791,0.0668925339518
0.100322812796,-0.357658922672,-0.111831955612,-2.07622075081,-0.0464963577688,1.89564716816,-0.712965905666,0.0344244353473,-0.215429469943,-0.741106033325,-0.151436060667,0.697291731834,-0.649965286255,-0.697669267654,-0.0535274744034,0.484084938702,-0.016330720717,0.481637233964,0.0336426269603,0.933000775775,0.349067774418,0.080804793187
0.0966203436255,-0.369199365377,-0.114576555789,-2.06535506248,-0.0574877485633,1.88535737991,-0.714194774628,0.0344244353473,-0.247374743223,-0.679264366627,-0.191902890801,0.642638802528,-0.719982266426,-0.589021325111,-0.094675809145,0.482015715794,-0.0219165983809,0.491445409127,0.0401236188437,0.93305266031,0.347313891441,0.0847106179706
0.0918168127537,-0.380731165409,-0.118710666895,-2.05484604836,-0.0708220750093,1.87575042248,-0.716331720352,0.0344244353473,-0.284307926893,-0.586866736412,-0.271906852722,0.536243081093,-0.766099154949,-0.481058210135,-0.154108554125,0.479706351189,-0.0291922637216,0.501102963662,0.0476554331787,0.933264814116,0.344893499776,0.0882848793348
0.0744831562042,-0.403703331947,-0.137738242745,-2.03242993355,-0.110049955547,1.8593300581,-0.732185900211,0.0344244353473,-0.429643154144,-0.320990175009,-0.503487110138,0.389155179262,-0.794599115849,-0.201902970672,-0.496070533991,0.474064369523,-0.0553618368094,0.521160117806,0.0686404392561,0.934145995856,0.337290103218,0.0943140205967
0.0673235580325,-0.407849192619,-0.14660333097,-2.0265815258,-0.122518405318,1.85675358772,-0.741006433964,0.0344244353473,-0.479983657598,-0.214067474008,-0.612509548664,0.348514676094,-0.759540200233,-0.126068919897,-0.599877476692,0.472437757017,-0.0665346029961,0.525864345318,0.0753696871084,0.934610125003,0.3343624775,0.0950003043786
0.0581666380167,-0.410385847092,-0.158784598112,-2.02027106285,-0.135746598244,1.85526359081,-0.75293648243,0.0344244353473,-0.525617361069,-0.074870698154,-0.714945614338,0.353616833687,-0.694353818893,-0.0462439060211,-0.717707514763,0.470944299987,-0.0790980826836,0.529576920009,0.0815257601653,0.935326080094,0.330863709159,0.0951203446794
0.0469413250685,-0.410236477852,-0.174184128642,-2.01334762573,-0.14876358211,1.85504829884,-0.768575906754,0.0344250947237,-0.603801429272,0.0708294659853,-0.847974419594,0.342836260796,-0.604507565498,-4.40492949565e-05,-0.840729236603,0.469384289414,-0.0949495195958,0.532604758216,0.087779065685,0.936361984749,0.32649428826,0.0944592428746
0.0285481158644,-0.404378563166,-0.201734825969,-2.00295901299,-0.1638931036,1.85551309586,-0.79518866539,0.0344250947237,-0.664366543293,0.338423907757,-1.04239547253,0.365888267756,-0.442788511515,0.029651299119,-0.981616437435,0.466832951643,-0.120895856304,0.534261008767,0.0941527688952,0.93876851347,0.318560046316,0.0914791276969
0.0164163280278,-0.397110641003,-0.221536874771,-1.99607551098,-0.171028807759,1.85654199123,-0.813418149948,0.0344250947237,-0.685901284218,0.45704844594,-1.15587091446,0.405125439167,-0.3465539217,0.0877461507916,-1.04651200771,0.465127084667,-0.138319869571,0.533678943829,0.0965972194097,0.940719209453,0.312833135134,0.0886102444268
0.00576714426279,-0.389353096485,-0.239786073565,-1.98995923996,-0.175486385822,1.85818648338,-0.829423248768,0.0344250947237,-0.711263716221,0.579958736897,-1.25536227226,0.409022510052,-0.247795194387,0.122874796391,-1.09589862823,0.463492862539,-0.153746645776,0.532536089602,0.0978620744463,0.94263530347,0.307324328287,0.0861014283742
-0.00931460782886,-0.375237822533,-0.267384797335,-1.98109602928,-0.178939342499,1.86132514477,-0.853016078472,0.0344250947237,-0.72746360302,0.747102737427,-1.38102030754,0.434008955956,-0.0925340801477,0.175616681576,-1.13700520992,0.460974551882,-0.176001210236,0.529444741173,0.0981152098394,0.945632282877,0.299041710247,0.0820185735082
-0.0303390696645,-0.351012587547,-0.309297323227,-1.9686756134,-0.179573938251,1.86677098274,-0.886867880821,0.0344250947237,-0.729231834412,0.915167868137,-1.50205230713,0.441568285227,0.00668662367389,0.216471299529,-1.17732620239,0.456353282513,-0.208023207891,0.522762994079,0.0962143651648,0.950353260524,0.286133415445,0.0754926778122
-0.0432318747044,-0.333534598351,-0.337034732103,-1.96097111702,-0.179303690791,1.87074828148,-0.908058226109,0.0344250947237,-0.698770701885,0.982159137726,-1.54743552208,0.428436547518,0.0157366562635,0.217291101813,-1.1708779335,0.452622753324,-0.228539471785,0.517360501238,0.0945602870155,0.953467370395,0.277441545869,0.0706010908371
-0.0544723942876,-0.3168643713,-0.362202435732,-1.95451176167,-0.178115561604,1.87432587147,-0.927145540714,0.0344250947237,-0.704257667065,1.04895722866,-1.58805894852,0.401954770088,0.0939244776964,0.218704536557,-1.2001478672,0.44867629617,-0.246656959613,0.511756612822,0.092535883602,0.956248424633,0.269627850909,0.0657790417898
-0.0669515728951,-0.297404766083,-0.390937685966,-1.94813358784,-0.1754668504,1.87809848785,-0.948736608028,0.0344250947237,-0.685680925846,1.10273098946,-1.60547113419,0.326861143112,0.160886883736,0.202368095517,-1.17958533764,0.44333426565,-0.266705888653,0.504575588447,0.0894243692798,0.959409067174,0.2606667172,0.0599198317671
-0.0993207395077,-0.24310824275,-0.467145770788,-1.93580377102,-0.165769129992,1.88574743271,-1.00622832775,0.0344244353473,-0.646696925163,1.06542086601,-1.47454714775,0.147419393063,0.225242957473,0.083328448236,-1.16643702984,0.424411118813,-0.317306896309,0.481792537729,0.0782964539571,0.967457870079,0.237038358358,0.0413249474191
-0.110078722239,-0.225096777081,-0.491465210915,-1.93401181698,-0.161489412189,1.88679730892,-1.02572226524,0.0344244353473,-0.644091904163,1.03659379482,-1.39248371124,0.070313282311,0.252727329731,0.0407716743648,-1.13056099415,0.416531415404,-0.332561162614,0.473074748661,0.0732107344898,0.96989400799,0.229727724621,0.0342194952339
-0.121374025941,-0.206895694137,-0.515568554401,-1.93346142769,-0.157000750303,1.88721966743,-1.04547095299,0.0344244353473,-0.626629948616,0.972961962223,-1.29612612724,-0.0100500434637,0.240176230669,0.00963357370347,-1.0719794035,0.407640181604,-0.347349797123,0.463696946098,0.0674151136364,0.972270409308,0.22235348253,0.0265401985461
-0.149039924145,-0.164735645056,-0.569471359253,-1.93680310249,-0.148153960705,1.88672435284,-1.09393715858,0.0344244353473,-0.548437058926,0.76419210434,-0.953022420406,-0.124654009938,0.118248306215,-0.0261654816568,-0.942842006683,0.383572717755,-0.379236361579,0.440216659458,0.0523062628025,0.976943538358,0.206883475926,0.0066786836807
-0.159283086658,-0.150497943163,-0.586861073971,-1.93970108032,-0.146205723286,1.88604843616,-1.11202907562,0.0344257503748,-0.485694855452,0.644918441772,-0.776265442371,-0.164625898004,0.090266354382,-0.0443121492863,-0.863818585873,0.374162933606,-0.389255267617,0.431637804943,0.0465862746545,0.978159007926,0.202567970437,-0.000944074177841
-0.166377827525,-0.141404122114,-0.597968935966,-1.94234287739,-0.144893079996,1.88525426388,-1.12450373173,0.0344257503748,-0.461459934711,0.564332008362,-0.693642258644,-0.182403504848,0.0881080329418,-0.0682438388467,-0.800049185753,0.367562047684,-0.395486021974,0.42580367524,0.0423890204738,0.978861808461,0.199989632497,-0.00607268213384
-0.174019366503,-0.13231742382,-0.609232962132,-1.94578516483,-0.143644675612,1.88409256935,-1.13854169846,0.0344257503748,-0.397386550903,0.455208331347,-0.56487429142,-0.198160588741,0.0495906211436,-0.0606886856258,-0.767198085785,0.360329487661,-0.401625585761,0.419602583826,0.0376537047303,0.979440805545,0.197852029797,-0.0115100371402
-0.188492685556,-0.118402943015,-0.627718925476,-1.95507931709,-0.142697528005,1.88161277771,-1.17203354836,0.0344257503748,-0.210416808724,0.152834758162,-0.254533976316,-0.177843213081,0.0159385558218,-0.0674961283803,-0.670529663563,0.346457397555,-0.411306456932,0.408197580402,0.0282975350178,0.979402626609,0.198767196627,-0.0214789605152
-0.191447272897,-0.116603776813,-0.631211876869,-1.95798361301,-0.142407119274,1.88031721115,-1.18291926384,0.0344257503748,-0.143003284931,0.0675328671932,-0.163095921278,-0.156377881765,0.0127847269177,-0.0764284282923,-0.604958951473,0.343197209266,-0.412817107918,0.405668877936,0.0255956925575,0.978925237789,0.201233884965,-0.0235618883068
-0.193306043744,-0.116066262126,-0.633181989193,-1.96049046516,-0.142110705376,1.87904381752,-1.19351923466,0.0344257503748,-0.0650556236506,-0.00444925157353,-0.0609492883086,-0.114741303027,0.018693132326,-0.0712879449129,-0.564667344093,0.341199416231,-0.413356094953,0.404092496004,0.0235788532853,0.978230869587,0.204681383333,-0.0247777012271
-0.192310467362,-0.119871273637,-0.631425082684,-1.96236658096,-0.140121355653,1.87594056129,-1.21976721287,0.0344257503748,0.0858140736818,-0.13776601851,0.132418185472,0.0277429576963,0.0557141304016,-0.028743321076,-0.491998404264,0.341632008321,-0.411242212715,0.404593715534,0.0216208530475,0.97534351238,0.218335707526,-0.0238136533642
-0.19057328999,-0.122181802988,-0.628768622875,-1.96180689335,-0.139185532928,1.87580907345,-1.22741448879,0.0344257503748,0.126342877746,-0.157271906734,0.198667436838,0.0426110625267,0.0651002973318,-0.00109543674625,-0.459928661585,0.343582591571,-0.409550418793,0.406001381872,0.0221878143598,0.973997466641,0.224367174509,-0.0222712049197
-0.187991783023,-0.125402122736,-0.624792397022,-1.96077680588,-0.137912496924,1.87581372261,-1.23535335064,0.0344257503748,0.156245782971,-0.200042009354,0.241455644369,0.0691744759679,0.0667926967144,-0.00059430435067,-0.422545075417,0.346198455082,-0.407375743927,0.407892572236,0.0231274532992,0.972524137544,0.230764174608,-0.0202439672295
-0.184382349253,-0.129457354546,-0.619584560394,-1.95902645588,-0.136714592576,1.8758354187,-1.24309921265,0.0344257503748,0.208056017756,-0.215126127005,0.297640949488,0.113200172782,0.0457334555686,0.00110850937199,-0.391781151295,0.349871910072,-0.404412666872,0.410640675521,0.0247278205727,0.970674132055,0.238476168394,-0.0175892310949
-0.177478641272,-0.135836839676,-0.609752893448,-1.95503950119,-0.135504081845,1.87584900856,-1.25423824787,0.0344257503748,0.247405916452,-0.221345067024,0.359322965145,0.147084355354,0.0460252538323,0.000914503354579,-0.349112778902,0.356798296498,-0.398963406445,0.415672881059,0.0280937898726,0.967364387641,0.251470905277,-0.013388950171
-0.168156519532,-0.14340044558,-0.595957219601,-1.94940459728,-0.133087649941,1.87594819069,-1.26543557644,0.0344257503748,0.285184442997,-0.218971297145,0.4225884974,0.17418217659,0.0786862820387,0.00167043274269,-0.300130486488,0.366377226836,-0.391145386994,0.422243375178,0.0324500204119,0.963056040331,0.267226412607,-0.00775264183537
-0.163107872009,-0.147040843964,-0.588909566402,-1.94635379314,-0.131719455123,1.87605977058,-1.27034842968,0.0344257503748,0.296655923128,-0.202925607562,0.401341706514,0.185617670417,0.0848129093647,0.0153695167974,-0.286000490189,0.371356062012,-0.38696182585,0.425624074464,0.0347010073742,0.960814304836,0.274969602695,-0.00484035064359
-0.148160099983,-0.156450510025,-0.568841040134,-1.93704938889,-0.129064902663,1.87657773495,-1.28278386593,0.0344250947237,0.328546702862,-0.182338416576,0.434254020452,0.186713159084,0.0369611084461,0.00973887275904,-0.249773129821,0.385444578266,-0.374735231767,0.43527618335,0.0415708374413,0.954101967383,0.296569484054,0.00280038006452
-0.142469167709,-0.159551233053,-0.561075806618,-1.93374228477,-0.128135770559,1.87686216831,-1.28708815575,0.0344250947237,0.311290800571,-0.158755972981,0.425288647413,0.17834444344,0.0634913891554,0.00521971425042,-0.241199985147,0.390730460772,-0.369854923938,0.438676687784,0.0440419200735,0.951436306987,0.304630307251,0.00544413598198
-0.13727286458,-0.162029623985,-0.554118692875,-1.93075966835,-0.126901894808,1.87706446648,-1.29086387157,0.0344250947237,0.308745741844,-0.136885985732,0.405374228954,0.168255731463,0.085768327117,0.0110161881894,-0.215829432011,0.395504247104,-0.365311409084,0.441607113697,0.0460638335422,0.949000085765,0.31179396625,0.00784109405667
-0.131301417947,-0.164480164647,-0.546266794205,-1.92749392986,-0.125283300877,1.87729048729,-1.29508376122,0.0344250947237,0.29780882597,-0.115105375648,0.38899102807,0.158775791526,0.0783698409796,0.00466301757842,-0.223911046982,0.400899623624,-0.360008876112,0.444723274393,0.0481565588309,0.946178372138,0.31987169979,0.0104656247959
-0.125467389822,-0.166565284133,-0.538690149784,-1.92458498478,-0.123688988388,1.87743616104,-1.29933953285,0.0344250947237,0.279091566801,-0.0849148407578,0.362182825804,0.132781654596,0.0741813108325,0.00581266637892,-0.197999045253,0.406039469058,-0.354726891859,0.447488586081,0.0499653918936,0.943345406016,0.327778781033,0.0128052705843
-0.117626816034,-0.168847203255,-0.527613759041,-1.92120730877,-0.121832333505,1.87777364254,-1.30488109589,0.0344250947237,0.240605682135,-0.0686162486672,0.345266461372,0.0855138674378,0.0466403365135,0.00740410108119,-0.155641824007,0.413109706197,-0.347098070912,0.450781339351,0.052240455438,0.939288369684,0.338774157604,0.0155036517454
-0.114885181189,-0.169590398669,-0.523642122746,-1.92026031017,-0.121131554246,1.87786340714,-1.30670666695,0.0344250947237,0.217372864485,-0.0544331297278,0.318843483925,0.0662864819169,0.0558926984668,0.00627719098702,-0.14859059453,0.415553101827,-0.344304394479,0.45179488984,0.0529026368571,0.937844408896,0.342609125095,0.0163756772135
-0.110434450209,-0.170381218195,-0.517304956913,-1.91909015179,-0.119819268584,1.87796759605,-1.30972325802,0.0344250947237,0.208967506886,-0.0248849894851,0.286761373281,0.0421479344368,0.0568931475282,0.00262086139992,-0.137055456638,0.418730738822,-0.340559055555,0.452861411271,0.0535467187375,0.935927439257,0.347664953629,0.017368277462
-0.102972313762,-0.170954301953,-0.505875945091,-1.91842114925,-0.117272108793,1.87795901299,-1.31511735916,0.0344257503748,0.13601629436,0.00558414310217,0.217518612742,-0.00970478355885,0.0288746003062,-0.00217325543053,-0.126465171576,0.426037370991,-0.331253020175,0.454199493024,0.0540876606483,0.931289584314,0.359744252687,0.018929010963
-0.100525714457,-0.170766785741,-0.502065718174,-1.91860127449,-0.116951406002,1.87790608406,-1.31738305092,0.0344257503748,0.116506010294,0.0150713454932,0.186620384455,-0.00990933272988,0.00874421279877,-0.00146767939441,-0.105649426579,0.428110226428,-0.328447357927,0.45419968402,0.0541101083802,0.929763553373,0.363670070624,0.0188655879201
-0.0988912060857,-0.170402273536,-0.499193996191,-1.91876637936,-0.116781309247,1.87790131569,-1.31904244423,0.0344257503748,0.0906112864614,0.0260798074305,0.167398825288,-0.0114743849263,0.0104880798608,0.000479524751427,-0.104317121208,0.42961403893,-0.326427492549,0.45408573307,0.0540995005926,0.928647822771,0.366520434443,0.018687860182
-0.0974566712976,-0.169747427106,-0.496107041836,-1.91909956932,-0.116550244391,1.87787520885,-1.32090115547,0.0344257503748,0.0539344772696,0.0381006300449,0.147763594985,-0.0205593965948,0.00842796172947,-0.00371581246145,-0.0935065895319,0.431125446014,-0.324358644178,0.453759766564,0.0539448742839,0.927491948328,0.36947576463,0.0183383576343
-0.096532098949,-0.168635502458,-0.491947948933,-1.91989004612,-0.116212546825,1.87782120705,-1.32331216335,0.0344257503748,0.0192553177476,0.0407320596278,0.114048860967,-0.0297657828778,0.0109910666943,-0.00358559237793,-0.0570123568177,0.432797866156,-0.321944725092,0.453037648487,0.0535349986948,0.926132296735,0.372963082298,0.0176496964738
-0.0963425412774,-0.167933791876,-0.490375429392,-1.92040538788,-0.116031140089,1.87777674198,-1.32410168648,0.0344257503748,0.00713027920574,0.0465977154672,0.0872139930725,-0.0340742506087,0.00809596851468,-0.00615942990407,-0.0466134771705,0.433377390702,-0.32106054306,0.452521880167,0.0532010976018,0.925675792589,0.374162466437,0.0172168122096
-0.0963483527303,-0.167092189193,-0.488945364952,-1.92102229595,-0.115828387439,1.8776242733,-1.32496738434,0.0344244353473,-0.00262980279513,0.0475880391896,0.0661847218871,-0.0309495255351,0.00499164965004,-0.0118519179523,-0.0473503358662,0.433830857134,-0.320296196384,0.45187105558,0.0527359691844,0.925273252622,0.375247407472,0.0166645853895
-0.0964309796691,-0.166242524981,-0.487984508276,-1.92164742947,-0.115550346673,1.87745964527,-1.32557976246,0.0344244353473,-0.00658775679767,0.0446156151593,0.0426671095192,-0.0347267203033,0.0225098710507,-0.0130781093612,-0.020018171519,0.434113492292,-0.319760804452,0.451188442687,0.0522064930067,0.925024813975,0.375956084418,0.016143044681
-0.0969800278544,-0.164938867092,-0.487025111914,-1.92301392555,-0.115108005702,1.87727570534,-1.32582139969,0.0344244353473,-0.0213439334184,0.0347495004535,0.0345666073263,-0.0473131425679,0.0052449433133,-0.00747929792851,1.17370864245e-05,0.434198481046,-0.319298853896,0.449920498478,0.0512136051269,0.924952038906,0.376308074425,0.0152684373517
-0.0975548624992,-0.164360463619,-0.486568897963,-1.92394304276,-0.115046545863,1.87708353996,-1.32581984997,0.0344244353473,-0.0376687943935,0.0262740366161,0.0269927605987,-0.0567119568586,0.00544952834025,-0.012402176857,-0.000107587635284,0.434057135929,-0.319186185539,0.44918649605,0.0506377102453,0.924993535984,0.376306718285,0.0146981001018
-0.0981702059507,-0.164007887244,-0.486223608255,-1.92472457886,-0.114989958704,1.87691545486,-1.32582092285,0.0344244353473,-0.050969582051,0.0238422453403,0.0271220263094,-0.0576363652945,-0.00035611007479,-0.014408336021,-0.000116687580885,0.433851332697,-0.319162442295,0.448590041736,0.0501460533015,0.925064236668,0.376216164515,0.014245301603
-0.0991240739822,-0.163643062115,-0.485749423504,-1.92581403255,-0.114960327744,1.87659204006,-1.32581567764,0.0344244353473,-0.0445036143064,0.0146368509158,0.0201252773404,-0.0546758957207,0.000627873756457,-0.0209205579013,4.05131650041e-05,0.433532941683,-0.319171005063,0.447900798377,0.0495459508477,0.925168408313,0.376059979233,0.0136933092089
-0.0999445095658,-0.163344144821,-0.485357731581,-1.92681646347,-0.114953428507,1.8761690855,-1.32580006123,0.0344244353473,-0.0382133238018,0.0143529297784,0.0203704051673,-0.0451703667641,-0.000323888321873,-0.0197492241859,0.00315002002753,0.433200055878,-0.319162601608,0.447232884289,0.0489238014559,0.925270078523,0.375911279215,0.0131321469821
-0.101131059229,-0.163024827838,-0.484407663345,-1.92805075645,-0.114953838289,1.87519276142,-1.32565104961,0.0344244353473,-0.0364628359675,0.00642066868022,0.0410667434335,-0.0338305048645,-6.54202376609e-05,-0.0372741036117,0.0100837107748,0.432792401277,-0.318971456334,0.446405434089,0.0480183747212,0.925373839155,0.375800170938,0.0123176581693
-0.101600311697,-0.162907108665,-0.48383551836,-1.92848837376,-0.114952385426,1.87458968163,-1.32543289661,0.0344244353473,-0.0273515675217,0.00262554269284,0.0411718003452,-0.0264293048531,-0.000331698189257,-0.036195512861,0.0192193314433,0.432660804092,-0.318792015279,0.446093006519,0.0476068979185,0.925412443131,0.3757692923,0.011951234967
-0.101951822639,-0.162870898843,-0.483133286238,-1.92895328999,-0.114956058562,1.87398159504,-1.325050354,0.0344257503748,-0.014297191985,0.00115369749255,0.0476051047444,-0.0304688606411,-8.61040825839e-05,-0.0399157740176,0.0304411277175,0.432592811067,-0.318499062628,0.445810119644,0.0472097000529,0.925434216879,0.375776348594,0.0116142141834
-0.102175921202,-0.1629088521,-0.481919199228,-1.92946720123,-0.114956192672,1.87323093414,-1.32444381714,0.0344257503748,-0.00677410280332,-0.00224624038674,0.0722154676914,-0.025318114087,0.000291011499939,-0.0368871018291,0.0354240201414,0.432685227101,-0.317899359971,0.4455446176,0.0467833355709,0.925380298403,0.375973312859,0.0112556893032
-0.102230489254,-0.16299854219,-0.479376018047,-1.93007338047,-0.114958241582,1.87188792229,-1.32330286503,0.0344257503748,0.00400850223377,-9.31984832278e-05,0.1051922068,-0.0172928925604,-9.63342390605e-05,-0.046315420419,0.0578455403447,0.433099261671,-0.31661214797,0.445259900251,0.0461972310393,0.925165914943,0.376588220339,0.0107311535778
