marker1_position_x,marker1_position_y,marker1_position_z,marker1_quaternion_x,marker1_quaternion_y,marker1_quaternion_z,marker1_quaternion_w,marker2_position_x,marker2_position_y,marker2_position_z,marker2_quaternion_x,marker2_quaternion_y,marker2_quaternion_z,marker2_quaternion_w
0.0105994790792,0.00369800929911,0.1953355968,0.682956794036,0.676310657888,0.226347937531,-0.157925687215,0.00295093422756,-0.0536108538508,0.254733473063,0.644241157739,0.570911037833,-0.306726804653,0.406118929456
0.0105962194502,0.00368800689466,0.195309191942,0.682646711575,0.676416811537,0.226931887112,-0.157973677735,0.00296216574498,-0.0536915063858,0.255210250616,0.64654613953,0.568957551506,-0.305934664523,0.405794745021
0.0105968592688,0.00369027466513,0.195258274674,0.682823453251,0.676299383976,0.227094356337,-0.157478342143,0.0029514154885,-0.0535613335669,0.254457354546,0.64524386089,0.569530471638,-0.306667280021,0.406510247379
0.0105961365625,0.00369082437828,0.195290520787,0.682756904244,0.676511965109,0.226689927908,-0.157436486737,0.00292595406063,-0.0536975227296,0.255129337311,0.645125494165,0.570143582628,-0.307258017996,0.405391048672
0.0105985673144,0.00369501276873,0.195366248488,0.682919152295,0.676470824817,0.225993279751,-0.157910392652,0.00296962959692,-0.0535856895149,0.254678785801,0.645395506654,0.56996102596,-0.306750847355,0.405602005079
0.0105979051441,0.00368664157577,0.195353448391,0.682831010122,0.676466648166,0.226198717479,-0.158015270608,0.00295358709991,-0.0534649938345,0.254046231508,0.643982614418,0.570225176919,-0.306935433188,0.407333131219
0.0105991130695,0.00368399033323,0.195266366005,0.682689595004,0.676420082383,0.226563732816,-0.158302444692,0.00293461116962,-0.0535977631807,0.254619091749,0.643721707965,0.570733253733,-0.306579075452,0.407302327851
0.0105961691588,0.00369193847291,0.195241987705,0.682785208874,0.676341270126,0.227210313147,-0.157296911816,0.00295193307102,-0.0536054447293,0.254786193371,0.645047948518,0.570371175678,-0.306962449388,0.40541820474
0.0105975111946,0.00370069523342,0.195300802588,0.682775348011,0.676472895161,0.226533840428,-0.157748741361,0.00297229876742,-0.0534803159535,0.254134178162,0.643795865556,0.57035077513,-0.306292293219,0.407936156667
0.0105992201716,0.00369702768512,0.195275649428,0.682901364541,0.676567562942,0.225923263571,-0.157672883081,0.00295546813868,-0.0534825660288,0.254093438387,0.643840572815,0.570190405811,-0.30658805529,0.407867603851
0.0105985617265,0.00369784655049,0.195329248905,0.682942272018,0.676456163149,0.226108882053,-0.157707596156,0.00294884177856,-0.0535391941667,0.254401624203,0.644054004204,0.570287018373,-0.306773200254,0.407255890013
0.010595225729,0.00368706439622,0.195247426629,0.682726176842,0.676260119315,0.227596868312,-0.157343204536,0.00294403289445,-0.0535084307194,0.254236787558,0.644755940293,0.569702505457,-0.306466192089,0.407194432476
0.0106006395072,0.00368949584663,0.195352569222,0.683070388159,0.676282351952,0.226245032616,-0.157702918412,0.00292435707524,-0.0536318533123,0.25478091836,0.644748584639,0.569981335584,-0.306822546168,0.406547002023
0.0105997491628,0.00368079333566,0.195291996002,0.682808457278,0.676266914137,0.226658169262,-0.158309020019,0.00295008160174,-0.053424090147,0.253825753927,0.643657207799,0.570387163987,-0.306905251126,0.407643286267
0.0105953626335,0.00368617824279,0.195333108306,0.68297831431,0.676455882309,0.226541871285,-0.156929417341,0.00298332003877,-0.0536270700395,0.254894435406,0.64530561378,0.570135406217,-0.306915495421,0.405375334811
0.0105963479728,0.0037012505345,0.19532494247,0.682734261253,0.676632320972,0.226279249968,-0.157608158927,0.00294650811702,-0.0535125695169,0.254342496395,0.644831153763,0.570100311308,-0.306048536513,0.406832534935
0.0105984825641,0.00369120622054,0.195200175047,0.682793080983,0.676460225124,0.226663432472,-0.157540029094,0.00294718542136,-0.0535588264465,0.254454791546,0.645257717169,0.569778538093,-0.30668778022,0.406124982521
0.010599440895,0.00369490799494,0.195217952132,0.682754049486,0.676404484639,0.226716838716,-0.157871327712,0.00295525533147,-0.0535630770028,0.254580676556,0.644425634306,0.570500468734,-0.307324737932,0.405951133117
0.0105974311009,0.00369484932162,0.195228785276,0.682862591948,0.676258806672,0.227183256644,-0.15735461486,0.00295269791968,-0.0536760725081,0.255111098289,0.644922942014,0.570603661264,-0.307254170745,0.405068803014
0.0105967177078,0.00368968141265,0.195268824697,0.682681713434,0.676331140432,0.227197428591,-0.15780746201,0.00293399207294,-0.0535864531994,0.254540294409,0.6445837097,0.569937361223,-0.307098007054,0.406662095032
0.0106007782742,0.00367154506966,0.195204302669,0.682697171297,0.676254388992,0.226886671427,-0.158515021373,0.0029555670917,-0.0535481236875,0.254354685545,0.644943370045,0.569532652204,-0.305746699667,0.407675806434
0.0105975298211,0.00369071238674,0.195286899805,0.682873180412,0.676407072103,0.226583342002,-0.15753628601,0.00298669957556,-0.0536101385951,0.25476193428,0.645009919769,0.569966706923,-0.306537818185,0.406367718232
0.0105966916308,0.00370982056484,0.195220664144,0.682528940344,0.676573498657,0.226974949792,-0.157749544134,0.00297401216812,-0.053615424782,0.254881024361,0.64438391679,0.570230513897,-0.30719349117,0.406495618409
0.0105974217877,0.00369742559269,0.195261120796,0.682579839108,0.676437154693,0.226995159765,-0.158084586338,0.0029796725139,-0.0536013245583,0.254898399115,0.644821678479,0.570553548801,-0.307316008842,0.40525365097
0.0105981593952,0.00369563139975,0.195201963186,0.682601552428,0.676327593658,0.227276658714,-0.158055139378,0.00300096231513,-0.0534771978855,0.254319012165,0.646060673908,0.569739795429,-0.306124330764,0.405327108949
0.0105997277424,0.00370155926794,0.195334196091,0.682746141361,0.676383183472,0.226322653765,-0.158560877791,0.00296037038788,-0.0535347759724,0.254429966211,0.645047060663,0.569695715243,-0.306152640958,0.406978675115
0.0106001002714,0.00371374306269,0.195274487138,0.683025744558,0.676319396767,0.226385478791,-0.157535776314,0.00297087151557,-0.0534899458289,0.254351615906,0.644986928134,0.570118266772,-0.306932689564,0.405893272309
0.0106053715572,0.0037045807112,0.195279359818,0.682862156201,0.676266576403,0.226078710753,-0.158906292554,0.00298334169202,-0.0536064170301,0.254950284958,0.644913287233,0.57036326616,-0.30663219197,0.405893206906
0.0106027377769,0.00370377628133,0.195268079638,0.68295849653,0.676251942405,0.226223380902,-0.158347669209,0.00298805022612,-0.0535110197961,0.254430770874,0.644157506798,0.570602069117,-0.307582591453,0.406038587562
0.0106046218425,0.00371853285469,0.195303976536,0.68299456818,0.676478300206,0.225501049385,-0.158255508318,0.00298751192167,-0.0535799600184,0.254779368639,0.643950917407,0.570727102148,-0.307449106791,0.406291567199
0.0106039298698,0.00373937166296,0.195190906525,0.682871818848,0.676447787507,0.225957231691,-0.158264965319,0.00301368790679,-0.0536640919745,0.255594611168,0.645180325782,0.570642013571,-0.309071768505,0.40321790819
0.0106042325497,0.00374538497999,0.195142030716,0.682641242008,0.67670629714,0.225968213894,-0.158138826448,0.00303939729929,-0.0536215342581,0.255510807037,0.645992635456,0.568894311227,-0.309965508148,0.403700583784
0.0106048248708,0.00376623519696,0.195158198476,0.682594179131,0.676873192128,0.22555165462,-0.158222373556,0.00306077906862,-0.0535951480269,0.255535423756,0.645285180102,0.569448879622,-0.309796179096,0.404179832816
0.0106061343104,0.00377005618066,0.195130497217,0.682781602018,0.676743951315,0.225569449154,-0.157940912727,10.0,10.0,10.0,10.0,10.0,10.0,10.0
0.0106074297801,0.00380276120268,0.195215672255,0.682318941555,0.677241575802,0.224497332018,-0.159328773033,10.0,10.0,10.0,10.0,10.0,10.0,10.0
0.0106068514287,0.00381705909967,0.195174694061,0.682498480337,0.676933927176,0.225119888219,-0.158988422547,10.0,10.0,10.0,10.0,10.0,10.0,10.0
0.0106069212779,0.00384859228507,0.195174947381,0.682284961514,0.677192129766,0.224599008493,-0.159541016856,10.0,10.0,10.0,10.0,10.0,10.0,10.0
0.0106052719057,0.0038752942346,0.195300400257,0.682278199025,0.677271219509,0.224272327956,-0.15969369829,10.0,10.0,10.0,10.0,10.0,10.0,10.0
0.0106079187244,0.00394120579585,0.195245862007,0.682209623231,0.676843894792,0.225063096133,-0.160682839196,10.0,10.0,10.0,10.0,10.0,10.0,10.0
0.0106084411964,0.00398072227836,0.195225775242,0.682121702909,0.677136993335,0.224134039008,-0.161119232979,10.0,10.0,10.0,10.0,10.0,10.0,10.0
0.0106088249013,0.00400267262012,0.195134565234,0.682151693971,0.676632324958,0.22536034276,-0.161401608246,0.00313944392838,-0.0534324832261,0.25662752986,0.646179464184,0.568179943022,-0.313634847515,0.401567970385
0.0106088295579,0.0040426296182,0.195138260722,0.681808336358,0.676701444358,0.225596695069,-0.162230326543,0.00316243758425,-0.0534134693444,0.256646215916,0.646247671635,0.568153168303,-0.313318106835,0.401743311311
0.0106079531834,0.00409160833806,0.195293456316,0.681640522023,0.676755708112,0.225055962691,-0.163455571736,0.00315284985118,-0.0534677617252,0.256946504116,0.646336313714,0.56839400595,-0.313031855916,0.401483101459
0.0106158638373,0.00411460548639,0.195025861263,0.681610279248,0.676330612873,0.226403126689,-0.163480743641,0.00314212404191,-0.0535024888813,0.257178246975,0.64651849536,0.568564986742,-0.312310131107,0.40150974212
0.0106190731749,0.00416617281735,0.195040404797,0.682058325907,0.676188020821,0.225911070559,-0.162881517545,0.00313956663013,-0.0534006990492,0.256724029779,0.646075405051,0.568953452667,-0.31210106202,0.401835123866
0.0106360483915,0.00418056594208,0.195038184524,0.681530371326,0.676382386368,0.22725700665,-0.162411432173,0.00313207856379,-0.0533977299929,0.256735295057,0.646113663046,0.568947186477,-0.311522030518,0.402231597375
0.0106282122433,0.00419634114951,0.194937378168,0.681487815159,0.67632960197,0.228137939902,-0.161572608031,0.00314868846908,-0.0534241721034,0.256874680519,0.645736524947,0.569519569715,-0.311665488323,0.401915940775
0.0106308255345,0.00420290976763,0.19497333467,0.68157169435,0.676249889499,0.227308753743,-0.162717063902,0.00315464660525,-0.0533441379666,0.256502658129,0.646058974294,0.568941842431,-0.311062753668,0.402682188514
0.0106323761865,0.00420692004263,0.194864287972,0.681400036548,0.676196478479,0.227736103449,-0.163060049891,0.00314911757596,-0.0533046126366,0.25633507967,0.64544467539,0.569695862103,-0.311396484203,0.402343168626
0.0106323761865,0.00420692004263,0.194864287972,0.681400036548,0.676196478479,0.227736103449,-0.163060049891,0.00314911757596,-0.0533046126366,0.25633507967,0.64544467539,0.569695862103,-0.311396484203,0.402343168626
0.0106522999704,0.00421789474785,0.194995418191,0.681163044315,0.676687629493,0.228409218104,-0.16105895888,0.0031473392155,-0.0532884821296,0.256258219481,0.645686846354,0.569342630007,-0.311090301295,0.402691309245
0.0106516536325,0.00422584824264,0.194925785065,0.681033141091,0.676868429041,0.228369020151,-0.160905503755,0.0031342539005,-0.0533497408032,0.256565868855,0.645601990839,0.569631659849,-0.310931909404,0.402540916228
0.0106464810669,0.00423147948459,0.195015504956,0.681494329097,0.676627554721,0.227185036067,-0.161640313621,0.00314866588451,-0.0533910878003,0.256768733263,0.646489917226,0.568625043277,-0.309733021669,0.403462268832
0.0106533812359,0.00424037314951,0.194963604212,0.681074618638,0.676947281784,0.227762115289,-0.161258055215,0.00315305450931,-0.0533683598042,0.25664332509,0.645579051714,0.569681634028,-0.311175809052,0.402318455579
0.0106386048719,0.00424131937325,0.194859921932,0.681151437419,0.676507791966,0.227984564585,-0.162459118004,0.0031404257752,-0.0532568395138,0.256131887436,0.646182815721,0.568735774561,-0.309890386645,0.403677266721
0.0106579670683,0.00424038060009,0.194970428944,0.681442759781,0.676585092573,0.227479774595,-0.161620944807,0.00313022523187,-0.0533517077565,0.256588250399,0.645647685655,0.569612025085,-0.310650748395,0.402712452512
0.0106508312747,0.00424492033198,0.194926634431,0.681322849896,0.676701856729,0.226940560609,-0.162393821492,0.00315622147173,-0.0533766299486,0.256698220968,0.646259463382,0.568892046004,-0.310046031233,0.403214588649
0.0106491642073,0.00424298178405,0.194961875677,0.681202376857,0.676837713359,0.227645297093,-0.161343268378,0.00313655287027,-0.0533547624946,0.256630331278,0.645999325815,0.569245953211,-0.309770222393,0.403343929069
0.0106697408482,0.00426611723378,0.195108279586,0.681013392334,0.677082095265,0.227846229176,-0.160831251887,0.00314114079811,-0.0532422848046,0.256111562252,0.64572913621,0.569422538426,-0.309685640649,0.403592194373
0.010658047162,0.00426681200042,0.195036143064,0.680853798812,0.67694224105,0.227965005475,-0.161923633863,0.0031332958024,-0.053324714303,0.256495326757,0.6455402407,0.569844062033,-0.310200887047,0.402903154962
0.0106611456722,0.00427126372233,0.195114925504,0.681075076553,0.677157168446,0.227226275861,-0.16113078191,0.00314713385887,-0.0532138720155,0.255983293056,0.645673267576,0.569383801157,-0.309481454437,0.403892743037
0.0106560159475,0.00427686329931,0.194949373603,0.68101581875,0.676950120367,0.227416633335,-0.161980443355,0.00313968490809,-0.0532286129892,0.256091237068,0.645451549099,0.569799386217,-0.309064920082,0.403979990108
0.0106563614681,0.00429041264579,0.195086807013,0.681018635518,0.677211691974,0.226363612961,-0.162349798453,0.00313647743315,-0.0532053597271,0.255980372429,0.645845637377,0.569263344859,-0.308561566315,0.404490317158
0.0106417583302,0.00429922156036,0.194991260767,0.681091045444,0.677177845587,0.225501670772,-0.163383443901,0.003117864253,-0.0531977787614,0.255968302488,0.645812649413,0.569377016456,-0.30829563748,0.404585757165
0.0106677031144,0.00430563976988,0.195256233215,0.680962846211,0.677616791991,0.225604069117,-0.16195026795,0.00310032488778,-0.0532060675323,0.256018519402,0.645476461732,0.569828006446,-0.308414150905,0.404396948481
0.0106763802469,0.00431315321475,0.195272326469,0.680919206351,0.677691580018,0.225641648363,-0.161768363161,0.00312709040008,-0.0532292313874,0.256132483482,0.645696853475,0.569627305489,-0.308106150767,0.40456261087
0.0106689240783,0.00432292558253,0.195184633136,0.680480406927,0.677839866764,0.226466079077,-0.161841421898,0.00311057618819,-0.0532510019839,0.256291478872,0.645347293252,0.570529748397,-0.308977671186,0.403181691047
0.0106701664627,0.00433110073209,0.195201098919,0.680605835649,0.677985426546,0.225688491272,-0.161790490388,0.00312752719037,-0.0532620251179,0.256412297487,0.646152953889,0.570029497132,-0.308338663765,0.403088080954
0.0106721408665,0.00434345938265,0.195300117135,0.680703546744,0.678016644966,0.225210495478,-0.161914617394,0.00309835141525,-0.0532486587763,0.256393939257,0.645327798254,0.57055929691,-0.308962824344,0.403182458303
0.0106636071578,0.00434673344716,0.195277035236,0.680665024298,0.678030365316,0.225496271214,-0.161621100342,0.00310020847246,-0.0532597564161,0.256425827742,0.646506686567,0.569880811684,-0.308375511796,0.402702754427
0.0106638120487,0.00435028644279,0.195244982839,0.680594753625,0.678041530589,0.225721222214,-0.161556163537,0.00310331210494,-0.0532215535641,0.256433874369,0.647080258226,0.569652311686,-0.308089775052,0.402323344729
0.0106627512723,0.00438266526908,0.195283532143,0.680757029914,0.67797359603,0.224013125395,-0.163523053297,0.00311200530268,-0.0532266683877,0.256675988436,0.647902350523,0.568982039342,-0.307668396348,0.40227122813
0.010670132935,0.00440364517272,0.195333719254,0.680577040847,0.678155861868,0.224071922143,-0.16343589628,0.00311983912252,-0.0531449168921,0.25641104579,0.647229946056,0.569482004068,-0.30811182954,0.402306779049
0.0106610562652,0.00442158291116,0.195393428206,0.680351371189,0.678268682478,0.224620538542,-0.163153975605,0.00314506050199,-0.0532818324864,0.257238030434,0.647627953194,0.569252906211,-0.308581806668,0.401629719524
0.0106698125601,0.0044381110929,0.19540810585,0.68025025319,0.67823367263,0.225931366351,-0.161906442257,0.00314045650885,-0.0530362874269,0.256191432476,0.646325212867,0.569444678799,-0.308279548955,0.403683287611
0.0106782838702,0.00446987431496,0.195649564266,0.680126621625,0.678618364555,0.224198399416,-0.163217558936,0.00313480151817,-0.0531892515719,0.257038980722,0.646315911943,0.569584662135,-0.30919936297,0.402796237034
0.0106596518308,0.00447916006669,0.195333719254,0.680275123642,0.678097702135,0.224609008342,-0.164195176191,0.00312238768674,-0.0530636459589,0.256563931704,0.645938102023,0.569306413867,-0.309795528543,0.403337211251
0.010658477433,0.00449323607609,0.195445880294,0.680317187762,0.678169533778,0.223172239949,-0.165676669473,0.00314362440258,-0.0531084090471,0.256882369518,0.646249591272,0.56901695336,-0.309955717421,0.40312358627
0.010662429966,0.00450023496523,0.195482999086,0.679912579312,0.678329239774,0.225042157412,-0.164147355593,0.00315281236544,-0.0530316270888,0.256741225719,0.645167374167,0.569060192814,-0.31146437579,0.40363287636
0.0106716025621,0.00454280572012,0.195683911443,0.680221263475,0.678679384543,0.222229582063,-0.165249322448,0.00316647533327,-0.0530000366271,0.256757616997,0.645612500551,0.568473862723,-0.311487414181,0.403729559656
0.0106784040108,0.00454960344359,0.195692688227,0.680046154534,0.678782903456,0.22269842005,-0.164913345083,0.00316479266621,-0.0529981702566,0.256748586893,0.64587898471,0.568173259954,-0.311134871947,0.403998236681
0.0106773432344,0.0045679807663,0.195753216743,0.679906196838,0.678970795234,0.222339937865,-0.165200407841,0.00315520144068,-0.0529618002474,0.256608784199,0.645393872186,0.56881901898,-0.311225004477,0.403795331794
0.0106673780829,0.00457588722929,0.195634886622,0.680144563029,0.678737612343,0.223091816212,-0.164160496201,0.00317895505577,-0.0529581792653,0.256616473198,0.644910579121,0.569501296174,-0.311567181556,0.403341678942
0.0106699476019,0.00459446711466,0.195711061358,0.680081641377,0.678779094707,0.222356622026,-0.165243560516,0.00315623451024,-0.0528977923095,0.256388425827,0.645491470909,0.568892974701,-0.310066917797,0.404425581298
0.0106711443514,0.00461014313623,0.195639625192,0.679888184983,0.678979544116,0.222838642306,-0.164565409753,0.00316131534055,-0.0528452321887,0.256185621023,0.645743899887,0.568698974994,-0.309415357514,0.404794303486
0.0106573123485,0.00465611554682,0.19559340179,0.679890467447,0.678899249372,0.222918137663,-0.164779444647,0.00312750018202,-0.0528848357499,0.256622433662,0.646731567871,0.568995355526,-0.307709263833,0.404100944642
0.0106723448262,0.00467479554936,0.195793330669,0.67970752338,0.679588275339,0.222331543212,-0.163481324851,0.00314019946381,-0.0529919788241,0.257267177105,0.648298956727,0.568384047322,-0.306883581083,0.403076301857
0.0106691448018,0.00469558220357,0.19576279819,0.679754792705,0.67955820856,0.221909237071,-0.163982784086,0.00312883011065,-0.0529645085335,0.257282853127,0.649846469125,0.567563007654,-0.306350950185,0.40214536455
0.0106604862958,0.00472817569971,0.195758879185,0.679877026231,0.679507234178,0.221921970305,-0.163669749801,0.00314147630706,-0.0529690906405,0.257496535778,0.649191876699,0.568545209595,-0.306467835777,0.401725923371
0.0106528727338,0.00475637381896,0.195615157485,0.680041458794,0.678798434469,0.224638612747,-0.162215268539,0.00312533392571,-0.0528218485415,0.256914138794,0.648000028765,0.56912488716,-0.306539226722,0.402773544334
0.0106600886211,0.00476840650663,0.195639759302,0.679865435824,0.679310402196,0.224233023039,-0.161368888011,0.0031483436469,-0.0527838617563,0.256752938032,0.646994946441,0.570549575024,-0.307344395806,0.401758813327
0.0106633091345,0.00478219473734,0.195567935705,0.680323437941,0.678567203485,0.225023108668,-0.161465695142,0.00314572523348,-0.0527062676847,0.256447315216,0.647439746756,0.569588814057,-0.306283937643,0.403212731401
0.0106519982219,0.00480304751545,0.195430874825,0.680504451047,0.678251635539,0.225997339366,-0.160666155721,0.00317056127824,-0.0527592413127,0.25677716732,0.646932328286,0.570296929839,-0.306302411469,0.403012167513
0.0106588220224,0.00482028909028,0.195477858186,0.680287917335,0.678322115984,0.227207103961,-0.159575651036,0.00315173040144,-0.0526673533022,0.256451040506,0.646826355633,0.570074996062,-0.306075096501,0.403668428078
0.0106556043029,0.0048189307563,0.195495292544,0.680587579647,0.678184009056,0.226146646393,-0.160389184846,0.00315360771492,-0.052714984864,0.256793528795,0.64577332327,0.570885516938,-0.307257228304,0.403310720362
0.010661361739,0.00484144082293,0.195508107543,0.680538416457,0.678264121228,0.226749284007,-0.15940516862,0.00313664064743,-0.0527273081243,0.256837308407,0.645156122802,0.571698199003,-0.307588365735,0.402894705516
0.0106621319428,0.00484051601961,0.195463821292,0.680285029435,0.678556415139,0.226210817731,-0.160006675303,0.00317475805059,-0.0527246631682,0.256974697113,0.64552105896,0.571014893577,-0.308047682285,0.402928255638
0.0106595465913,0.00485857389867,0.195645883679,0.680609452117,0.678600862104,0.225498404678,-0.159443134466,0.00316840782762,-0.0525827072561,0.256441950798,0.645017102964,0.570956924774,-0.308324425373,0.403605222531
0.0106579642743,0.00485643139109,0.195401772857,0.680386920167,0.678190837295,0.22705236324,-0.159931395987,0.003134628525,-0.0525453127921,0.256256103516,0.645467995228,0.570351824781,-0.308000180025,0.403987316892
0.010654270649,0.00486536044627,0.195431783795,0.680191453855,0.678527479551,0.22680328018,-0.159688188971,0.00314258551225,-0.0524754375219,0.255913436413,0.64516631117,0.57048209382,-0.306833910755,0.40517102904
0.0106614409015,0.00488738203421,0.195487990975,0.680411056807,0.678401783356,0.226318837504,-0.159973741297,0.00317786610685,-0.0525395832956,0.256421327591,0.645104715713,0.570469479386,-0.308224171721,0.404230551568
0.0106552159414,0.00487784715369,0.195608988404,0.680757200631,0.678492627416,0.225557790426,-0.159188792033,0.00317413546145,-0.0525790154934,0.256611734629,0.644541998567,0.571346608742,-0.308469500922,0.403701909536
0.0106459613889,0.00487236399204,0.195452034473,0.680462974941,0.67832182969,0.225732156357,-0.160918080668,0.00314478576183,-0.0525781325996,0.256567150354,0.645474736316,0.570066169608,-0.307773210884,0.40455231764
0.0106625920162,0.00488378619775,0.195548698306,0.680576746327,0.678392794866,0.225850290615,-0.159969229734,0.00318761542439,-0.0525435470045,0.256577402353,0.644390286036,0.570915036571,-0.309126846259,0.404051696198
0.0106507390738,0.00488594127819,0.195390298963,0.680432138376,0.678389685105,0.225945464266,-0.160462417366,0.00315449666232,-0.0524847470224,0.25624114275,0.644488014833,0.570811108118,-0.308682875248,0.404381948304
0.0106621859595,0.00488474126905,0.195421993732,0.680338347848,0.678400973603,0.226546407031,-0.159964298901,0.00319619802758,-0.0525049157441,0.256404221058,0.644389141474,0.570752363982,-0.30924997053,0.404189100653
0.0106609985232,0.00488579645753,0.195573046803,0.680731165337,0.678365262194,0.225842907065,-0.15943849258,0.00316705624573,-0.0525834076107,0.256690561771,0.644625023162,0.571196137271,-0.307941962987,0.404184734635
0.0106506478041,0.00487943226472,0.195581778884,0.68051229131,0.67841474453,0.225979884221,-0.15996733325,0.00317627028562,-0.0525913871825,0.256779164076,0.644740201768,0.570811190894,-0.308732256495,0.403941889848
0.0106500769034,0.00489713111892,0.195362836123,0.680287573599,0.678541672942,0.225940365919,-0.160439915031,0.00317270494998,-0.0526229217649,0.257085651159,0.644179493668,0.57104033647,-0.310332291637,0.403285981443
0.0106462296098,0.00489625707269,0.195472970605,0.680460485717,0.678399572965,0.226289684095,-0.159814034584,0.00318788248114,-0.0525454543531,0.256719380617,0.644117347879,0.570990009107,-0.310273616724,0.403501591603
0.0106526361778,0.00489156646654,0.19552539289,0.680615839347,0.678345317562,0.22579868889,-0.160077048534,0.0031796596013,-0.0524360761046,0.256172060966,0.644894030576,0.569709496787,-0.309557983355,0.40461912157
0.0106625128537,0.00489709340036,0.195545122027,0.680527646995,0.678471483505,0.225569682347,-0.160240089091,0.00316042732447,-0.0525132417679,0.256562978029,0.644949923374,0.56985168078,-0.309248900759,0.404566157299
0.0106567647308,0.00490096397698,0.195499569178,0.680325025578,0.678786474893,0.225316617714,-0.160122462061,0.00317942211404,-0.0525991432369,0.256950616837,0.644443984922,0.570891572952,-0.309148648011,0.403982519008
0.0106510883197,0.00491307815537,0.195478469133,0.680510412299,0.678250023573,0.2257102209,-0.161050862949,0.00317487795837,-0.0524144023657,0.256135970354,0.645117641562,0.569204180094,-0.309877943815,0.40472890908
0.0106519302353,0.00490607321262,0.195587933064,0.680690278162,0.678419918076,0.224649963752,-0.161057610063,0.00314831850119,-0.0526300519705,0.257197022438,0.645075126536,0.569781775961,-0.30988662751,0.403976592141
0.0106547689065,0.00490319216624,0.195525035262,0.680549102017,0.678282062273,0.225709888213,-0.160752636388,0.0031849979423,-0.0526469126344,0.257321387529,0.645436113378,0.569666595907,-0.309630768352,0.403758566898
0.010659949854,0.00491568492725,0.195580542088,0.680397423828,0.678469922767,0.226002827107,-0.160189361971,0.00317417271435,-0.052613388747,0.257142782211,0.645132306719,0.569852004167,-0.309986988959,0.403709136446
0.0106524284929,0.00491708051413,0.19545994699,0.680298616606,0.678604775539,0.225868049152,-0.160227885314,0.00315647223033,-0.052626054734,0.257245749235,0.64555263796,0.5695213075,-0.30969687243,0.403726540041
0.0106553705409,0.0049178628251,0.195597529411,0.680173045681,0.678691593533,0.226385240768,-0.159662367386,0.00315637839958,-0.0525158271194,0.256673872471,0.645621544567,0.569122153742,-0.30942809415,0.404384779463
0.0106682525948,0.00491588748991,0.19560931623,0.680189598715,0.678757994969,0.226379253913,-0.159317693506,0.00317510357127,-0.0525706894696,0.25698325038,0.645574068309,0.569618800273,-0.309712313359,0.403542844884
0.0106612686068,0.00492939772084,0.195657387376,0.680376062713,0.678466270011,0.226554937486,-0.159514244017,0.00317008700222,-0.0525949895382,0.2570746243,0.64520111954,0.569930314619,-0.310007818424,0.403472557106
0.0106606567279,0.00493055023253,0.195593237877,0.680649690704,0.678232583051,0.225972011472,-0.160166200753,0.00320905330591,-0.0525456145406,0.256824910641,0.645118567835,0.569801586923,-0.31014631304,0.403679884913
0.0106618106365,0.00492709921673,0.195577204227,0.680285420598,0.678598338165,0.226263117163,-0.159753071247,0.00312944594771,-0.0525585338473,0.256827950478,0.645667118554,0.568859318454,-0.308713803365,0.405226893773
0.0106576392427,0.00491695012897,0.195558905602,0.680478250284,0.678507633945,0.225495262368,-0.160401459526,0.0031380855944,-0.0525257252157,0.25667989254,0.644953393691,0.569649353992,-0.31002089295,0.404254597248
0.0106499185786,0.00492189498618,0.195496588945,0.680511469853,0.678158465176,0.225944615807,-0.161103277736,0.00316217145883,-0.0525716021657,0.256974667311,0.645728635206,0.569243988282,-0.309144885678,0.40425889123
0.0106646651402,0.00492686126381,0.19552809,0.680316682535,0.678511344397,0.226194830013,-0.160085807817,0.00317724794149,-0.0525477528572,0.256874859333,0.645330483739,0.569690974437,-0.31010541243,0.403528677524
0.0106537314132,0.00492490641773,0.195453464985,0.68051437061,0.67798723205,0.226981152626,-0.160352926146,0.00314772524871,-0.0525586083531,0.256939679384,0.646026609902,0.569092930465,-0.309027891766,0.404084914224
0.0106393145397,0.00492545636371,0.195493012667,0.680708677342,0.677818120249,0.22646174936,-0.160976298038,0.00314939604141,-0.0526043847203,0.257149457932,0.645433393166,0.569640391235,-0.309897975772,0.403594851643
0.0106567256153,0.00491565139964,0.195573195815,0.680437299219,0.678517172973,0.225645691871,-0.160323265785,0.00316065596417,-0.0524716377258,0.256500393152,0.645829310585,0.568983511155,-0.309047971302,0.404538770772
0.0106534063816,0.00492893531919,0.195485562086,0.680338907964,0.678446076638,0.226574480545,-0.159730698898,0.00314761092886,-0.0525718666613,0.257007032633,0.646033926946,0.568990758194,-0.309296522726,0.404011563392
0.01064910274,0.00493334326893,0.195444613695,0.68037677129,0.678254531326,0.226537433492,-0.160433883738,0.00315257580951,-0.0525484718382,0.256817877293,0.644920303554,0.569857893686,-0.309768304594,0.404207101046
0.0106560485438,0.0049479031004,0.195531308651,0.680521235543,0.677934693812,0.227394152636,-0.1599603021,0.00318346777931,-0.0526008158922,0.257160246372,0.64567899693,0.569496438716,-0.309506061488,0.403705879467
0.0106395771727,0.00492367660627,0.195347651839,0.680579993576,0.677901937825,0.226155272932,-0.161597114958,0.00320631731302,-0.0526173859835,0.257224887609,0.644975792809,0.570454047676,-0.310077680393,0.403038755335
0.0106407748535,0.00493435095996,0.195440813899,0.680693209262,0.677943196025,0.225990449585,-0.161177214658,0.00317633291706,-0.0525709204376,0.256999462843,0.645619444522,0.569495759374,-0.30983182554,0.403552168613
0.0106526231393,0.00492539489642,0.195550099015,0.680431637641,0.67826139423,0.225957300094,-0.160989335452,0.00316092418507,-0.0525834187865,0.257043361664,0.645003059179,0.570289674527,-0.310248021498,0.403096645898
0.0106464913115,0.00492963101715,0.195425078273,0.680555127183,0.678051424353,0.226486687834,-0.160607487472,0.00318971741945,-0.0525759719312,0.256979823112,0.645431795928,0.569490196996,-0.309387025479,0.404200916371
0.0106485299766,0.00492335716262,0.19548727572,0.680512074996,0.678149707332,0.226271835164,-0.16067777333,0.00315061188303,-0.0525757111609,0.257033526897,0.645829826523,0.569440986643,-0.309143679855,0.403820483768
0.0106506431475,0.00493067875504,0.195480570197,0.680551424592,0.678132850337,0.225894081643,-0.161113188965,0.0031667703297,-0.0525357760489,0.256799191236,0.646185421141,0.568779723666,-0.308764188339,0.404473365564
0.0106494706124,0.00492887152359,0.195435613394,0.680969547162,0.677755062212,0.225775452153,-0.161102441599,0.00318574951962,-0.0525095127523,0.25672763586,0.646259057883,0.568762042273,-0.30935000268,0.403932599843
0.0106481006369,0.00493563339114,0.195431575179,0.68051915669,0.677875855388,0.226973179679,-0.160814109348,0.00317656714469,-0.0526609532535,0.257412016392,0.645214551256,0.570142497149,-0.309968637367,0.403181298725
0.0106603084132,0.00493063218892,0.195553869009,0.680484432934,0.67846498129,0.225979886693,-0.159872750986,0.00315572717227,-0.0525238774717,0.256770074368,0.646183328138,0.568655753881,-0.309072047843,0.404415886504
0.0106574278325,0.00494029000401,0.195605918765,0.680696866315,0.677948215981,0.22648045223,-0.160451230582,0.0031382124871,-0.0525885745883,0.257026284933,0.644619166698,0.570470936114,-0.310449040109,0.403299435246
0.0106469849125,0.00493825785816,0.195433408022,0.68053293013,0.678050988393,0.225899501847,-0.161527716552,0.00314317131415,-0.0525787621737,0.257024884224,0.645858758535,0.56925124789,-0.309132755189,0.404050022234
0.0106535069644,0.00493998732418,0.195456445217,0.680463398344,0.67786968579,0.227392442044,-0.160483425631,0.00319701968692,-0.0525130480528,0.256717383862,0.645645724616,0.569202815713,-0.309504123487,0.404174405935
0.0106576420367,0.00493290275335,0.19552756846,0.68053956819,0.678413732084,0.225657214855,-0.160310715894,0.00314752105623,-0.0526073165238,0.257191598415,0.645516863882,0.569910533075,-0.310430402528,0.402669750441
0.0106647405773,0.00493184477091,0.195440649986,0.680285200789,0.678457310986,0.226635770171,-0.159824749133,0.00318086473271,-0.0526372604072,0.257310241461,0.645454473675,0.569890946266,-0.309798512943,0.403283663388
0.0112392436713,0.00463257078081,0.196172490716,0.681510844211,0.678379263741,0.219187584949,-0.165231190618,0.00339629943483,-0.0529330819845,0.257542878389,0.648088906469,0.568606315968,-0.305881158775,0.403861787572
0.0113364970312,0.00454043177888,0.195717379451,0.68068412977,0.678564705807,0.225045333617,-0.159917645464,0.0035178870894,-0.0528733320534,0.257021784782,0.649083683479,0.56751561486,-0.306464242243,0.403356005233
0.0112620145082,0.00462121330202,0.196077674627,0.681170931502,0.678724349945,0.221318599398,-0.162349919707,0.00344001757912,-0.0529275760055,0.257396370173,0.649170031693,0.567513853198,-0.305206727173,0.404172178742
0.0112713119015,0.00462539633736,0.196087360382,0.680881386174,0.678893977659,0.221446353753,-0.16268072249,0.00345603004098,-0.0528756305575,0.257142901421,0.649002213098,0.56761894918,-0.305411460269,0.404139451009
0.0112924203277,0.00461384514347,0.196088060737,0.680798633917,0.678989924047,0.221770920664,-0.162183728676,0.00348543375731,-0.0528747327626,0.257128685713,0.64820847129,0.568402371734,-0.306658549106,0.403367147665
0.011284920387,0.00461730593815,0.196078896523,0.68078451409,0.679141025507,0.221786297084,-0.161588215147,0.00347100268118,-0.0527414120734,0.25647521019,0.649286491887,0.566823727261,-0.305182065119,0.404971382688
0.0112879602239,0.00461834203452,0.196027994156,0.680906119248,0.679011741929,0.222136901109,-0.161136923949,0.00345294433646,-0.0528772547841,0.257140517235,0.648939923307,0.567469160276,-0.305683253116,0.404244328147
0.0112916436046,0.00459938263521,0.196037366986,0.680605505808,0.679227210384,0.222200093156,-0.161411464086,0.00348739512265,-0.0528297387064,0.256913423538,0.647944279628,0.568719801679,-0.30732489487,0.402836699755
0.0116469571367,0.00445448979735,0.196143910289,0.680191602459,0.679756015744,0.225683276446,-0.15600705669,0.00359489559196,-0.0528046712279,0.256260156631,0.646611949858,0.567712273236,-0.307174718794,0.406496559951
0.0116899879649,0.00445347512141,0.196174785495,0.68088322502,0.679445184315,0.223830690136,-0.157009864504,0.00363250309601,-0.0528567545116,0.256400108337,0.647152038724,0.567230189705,-0.306997363251,0.406444054723
0.0117134591565,0.00445404555649,0.196237146854,0.680625161504,0.67951028632,0.224358059257,-0.15709430785,0.00364023540169,-0.0528079234064,0.25626540184,0.64755583158,0.566721964391,-0.306424678576,0.406941735908
0.0117227192968,0.00446133455262,0.19610388577,0.680978568083,0.679073876041,0.225070947081,-0.15642867215,0.00368116027676,-0.0529137738049,0.256751686335,0.647314248051,0.56728914158,-0.306946410899,0.406141840927
0.0117269614711,0.00445274170488,0.196182265878,0.680927884699,0.679098866462,0.224903453441,-0.156781319167,0.00366073474288,-0.0528349354863,0.256366968155,0.647138094884,0.56726875407,-0.307130838187,0.406311573845
0.0117131453007,0.00445528514683,0.196100085974,0.680727295754,0.679118580501,0.225111731732,-0.157267322323,0.00368494424038,-0.0528534166515,0.256442785263,0.647524940577,0.56691703339,-0.306561653519,0.406615888985
0.0117251714692,0.00445015402511,0.196122169495,0.680961465639,0.67906239375,0.224422869336,-0.157480549366,0.00367944338359,-0.0528035722673,0.256163299084,0.646760257058,0.567286693144,-0.30740589752,0.406679962429
0.0117326769978,0.00445298850536,0.19611081481,0.680931003242,0.679167468101,0.224517306707,-0.157023877436,0.00367381144315,-0.0528723336756,0.256589055061,0.647539433348,0.567174448284,-0.306739710394,0.406099221299
0.0117298476398,0.00445842603222,0.196129515767,0.680944579569,0.679096758593,0.224678909187,-0.157039675851,0.00368058378808,-0.0528376922011,0.256394952536,0.647146710734,0.567359260014,-0.307139617025,0.406164819398
0.0117166824639,0.00445126602426,0.196070432663,0.680724145322,0.679140396902,0.224862454852,-0.157543123204,0.00368655286729,-0.0528627634048,0.256502270699,0.647772298571,0.566774268258,-0.306509413232,0.406460278064
0.011738602072,0.00446127727628,0.19621732831,0.680918578454,0.679241810186,0.224231026121,-0.157165198873,0.00369080435485,-0.0528931282461,0.256738185883,0.647768564386,0.566910332694,-0.306718510914,0.406118599354
0.0117174144834,0.00445076357573,0.196145221591,0.680794072469,0.679174962749,0.225285422465,-0.156484118337,0.00367992557585,-0.0527974963188,0.256229251623,0.647200697191,0.567145049897,-0.306616729166,0.406772579372
0.011729166843,0.00445505930111,0.196116670966,0.68081975492,0.679062590846,0.22473049234,-0.157653622974,0.00367934838869,-0.0528633669019,0.25649318099,0.646988742327,0.567334926308,-0.306681875964,0.406795864838
0.0117159010842,0.00445334473625,0.196106299758,0.680948387965,0.679080419257,0.224746113414,-0.156997648438,0.00368397659622,-0.0529333986342,0.256871253252,0.647757513011,0.567205267947,-0.306757244385,0.405694936335
0.0117282858118,0.00445108860731,0.196288660169,0.680704459039,0.679570144034,0.223949140271,-0.157075272894,0.00371333584189,-0.052893999964,0.25666937232,0.647924861345,0.566598380798,-0.306282862457,0.406633074274
0.0117111010477,0.00445096334442,0.196027502418,0.680654756999,0.679005496827,0.225439212468,-0.15760012226,0.00368501641788,-0.0528151728213,0.256325006485,0.647248226488,0.567395250293,-0.306855373351,0.406167629309
0.0117097701877,0.00446353061125,0.196190997958,0.680828798678,0.679158246442,0.224887190998,-0.156977624219,0.00364597560838,-0.0528953894973,0.256625562906,0.647916360248,0.566880777961,-0.306439300379,0.406134865388
0.0117232818156,0.00445620482787,0.196172565222,0.680649322171,0.679314389308,0.22443834958,-0.157720917906,0.00367652717978,-0.0528602525592,0.256446033716,0.646384444491,0.568121955216,-0.30766031157,0.405918374314
0.0117165343836,0.00445895874873,0.196220114827,0.680656217625,0.679451364293,0.223759935766,-0.15806469598,0.00366080272943,-0.0528197661042,0.256303519011,0.647397024059,0.567142138601,-0.306708504854,0.406394858374
0.0117232892662,0.00446027657017,0.196127355099,0.680630536095,0.679377009788,0.225207278206,-0.156430923254,0.00369069632143,-0.0529128797352,0.256767034531,0.648086735108,0.566803211115,-0.305848370675,0.406416630815
0.0117108970881,0.00445817969739,0.196084916592,0.680732330763,0.679319464674,0.224680338574,-0.156994599355,0.00367737584747,-0.0528869219124,0.256655395031,0.646947769615,0.568033848738,-0.307166003665,0.405518404355
0.0117085305974,0.00445552682504,0.196091130376,0.680607174262,0.679375764746,0.223839018497,-0.158488291106,0.00369190727361,-0.0528934895992,0.256688982248,0.647446137638,0.567517240631,-0.306844479121,0.405689716505
0.0117115881294,0.00446170335636,0.196081995964,0.68077666978,0.679182419136,0.22431781227,-0.157911008227,0.00371202267706,-0.052865114063,0.25657966733,0.648366249512,0.566386070438,-0.305362928702,0.406917076911
0.0116992872208,0.00445166183636,0.195954889059,0.680661312763,0.67890300947,0.225691402435,-0.157652376787,0.00370009872131,-0.0527405142784,0.255978286266,0.646792932415,0.567643329951,-0.307120492458,0.406345857187
0.0117274560034,0.0044589783065,0.196049779654,0.680901639774,0.678867977201,0.225558212106,-0.156954513907,0.00369901838712,-0.0528168641031,0.256265670061,0.64747243878,0.566644522017,-0.306228075654,0.407330077909
0.0117197092623,0.00445618946105,0.19629599154,0.680754567054,0.679799504381,0.22318764642,-0.156949443338,0.00365824927576,-0.0527694560587,0.256084501743,0.647657109831,0.566936554908,-0.30673980361,0.406243650628
0.0117259798571,0.00445514218882,0.196233347058,0.680925041359,0.679315224524,0.2240750429,-0.157042315727,0.00365494959988,-0.0527800060809,0.256175756454,0.648026883766,0.566754994156,-0.306233559532,0.406289233838
0.0117035573348,0.00446169264615,0.196073055267,0.680664460815,0.679389341024,0.224590461632,-0.15711505221,0.00368214352056,-0.0529131740332,0.256758868694,0.647550807826,0.567252759728,-0.306703022721,0.405999401131
0.0117060421035,0.00445743557066,0.19600982964,0.680901453758,0.678974139912,0.224607242581,-0.157857258882,0.00370868598111,-0.0528851673007,0.256672173738,0.648004396281,0.567142886313,-0.306243394979,0.405776085959
0.0117118693888,0.00446741748601,0.19612737,0.680493824687,0.679456589138,0.224515900659,-0.157668983604,0.00366859673522,-0.0528632886708,0.256489574909,0.64720503913,0.567005473442,-0.306085842249,0.407359653852
0.0117194782943,0.00446273759007,0.196063607931,0.680558714065,0.679179492133,0.225761890881,-0.156801220664,0.00369838206097,-0.0528252460063,0.25641721487,0.647386882835,0.567320565319,-0.306467062836,0.406344114631
0.011839450337,0.0044493060559,0.19617395103,0.681956300807,0.678260178574,0.221908887963,-0.160172342787,0.00372551800683,-0.0527774393559,0.256089687347,0.647202012694,0.566930581685,-0.306319664715,0.407292933065
0.0119712697342,0.00441980129108,0.195970386267,0.681349756128,0.678758962373,0.223356713314,-0.158620803935,0.00383186200634,-0.0529627390206,0.256908804178,0.64838614016,0.565961558828,-0.305646617504,0.407262903277
0.011996794492,0.0044261738658,0.195963010192,0.681624717464,0.678263347528,0.224034026425,-0.158604321964,0.00386305502616,-0.0528102070093,0.256229817867,0.647575011921,0.566509657367,-0.306551216889,0.407111487763
0.0120082097128,0.00444648880512,0.195958659053,0.681267676898,0.678542958454,0.223762168612,-0.159324504847,0.00390497827902,-0.0528528615832,0.256437212229,0.647889523597,0.565986415048,-0.305938525099,0.407799168775
0.0120011931285,0.004463551566,0.195836022496,0.681450817073,0.678320014469,0.224081964023,-0.15904092329,0.00392158934847,-0.0528902411461,0.256731897593,0.648610390305,0.565926425755,-0.305092259307,0.407370292891
0.0119971819222,0.00447042519227,0.195838138461,0.68145531518,0.678644527871,0.223578425696,-0.158344389754,0.00397036317736,-0.052860353142,0.256736934185,0.648523719621,0.566688541523,-0.305455997039,0.406174489436
0.0119915967807,0.00450593652204,0.195855081081,0.681345817881,0.678543939099,0.22443677783,-0.158032059803,0.00399438058957,-0.0528663173318,0.256899476051,0.649966462403,0.565673697588,-0.30450992754,0.405993312307
0.0119859874249,0.00456647900864,0.195944488049,0.68141361631,0.678865015499,0.222387230624,-0.159253552216,0.00409614015371,-0.0528357625008,0.256919205189,0.648328176177,0.568027661812,-0.306661838213,0.403699973217
0.0119817182422,0.00457979785278,0.195821717381,0.681068985498,0.678739839845,0.224023453691,-0.158967792324,0.00406185910106,-0.0528794564307,0.257118761539,0.647998367335,0.568508714125,-0.307438748483,0.40296075966
0.0119910789654,0.00459368806332,0.195922285318,0.681158514436,0.679025455096,0.222282901634,-0.15980557307,0.00404743012041,-0.0528182014823,0.256849229336,0.64845922738,0.568008348643,-0.306689432804,0.403495648185
0.0119803156704,0.00459877308458,0.195895373821,0.681179399115,0.678871934112,0.222242280771,-0.160424100227,0.00406379345804,-0.0528143420815,0.256855040789,0.648467965761,0.567866060772,-0.306437737284,0.403872934935
0.011982915923,0.00459532486275,0.195852398872,0.681299079428,0.678732774788,0.222946345145,-0.159525270681,0.00410660309717,-0.0529055520892,0.257332831621,0.648178977424,0.568346495904,-0.307332845527,0.40297989513
0.011977981776,0.00459732161835,0.195856794715,0.681144210608,0.678850548125,0.222886357973,-0.159769111832,0.00410970766097,-0.0528665930033,0.257113933563,0.648086296187,0.568329997032,-0.307263482943,0.403205058523
0.0120173087344,0.00459325360134,0.195872858167,0.681235005355,0.678933298925,0.222102980266,-0.160120920706,0.00409199576825,-0.0528045929968,0.256871402264,0.647482054684,0.568677629696,-0.307322868182,0.403640182636
0.0127177098766,0.00454812636599,0.196677848697,0.6827835008,0.678326147548,0.222357820037,-0.155683423835,0.00434411270544,-0.0529468618333,0.257386803627,0.650972289391,0.565141791276,-0.304144617944,0.405395961469
0.0136694703251,0.00438380613923,0.195731386542,0.681164518036,0.678825811568,0.22842022301,-0.151771600232,0.00500435102731,-0.052756100893,0.256035327911,0.649365624017,0.564663815465,-0.305216622579,0.407825790199
0.0136524569243,0.00439698481932,0.195749983191,0.680609645251,0.679228296607,0.22813713253,-0.15288191731,0.00498470943421,-0.0528266653419,0.256332159042,0.649716644546,0.563912527689,-0.304282239855,0.409002764568
0.0136594437063,0.00441665481776,0.195847928524,0.680565075801,0.679583570635,0.227589614693,-0.152316497488,0.00506110070273,-0.0528418943286,0.256442546844,0.649478848866,0.564424972281,-0.303482712492,0.409267539344
0.0136485705152,0.00442890450358,0.195826843381,0.680155080905,0.679728513095,0.227615295189,-0.153458436717,0.00505285011604,-0.0528365410864,0.25637486577,0.649310526324,0.564301968066,-0.303503240064,0.409688799593
0.013665814884,0.00443717464805,0.195774152875,0.679995327811,0.680016138272,0.227334285652,-0.153308605148,0.00512664392591,-0.0528048798442,0.256294161081,0.647491556436,0.566621857949,-0.305345392895,0.40799331548
0.0136588010937,0.00443900702521,0.195671066642,0.67986472389,0.679952738272,0.228566846361,-0.152333278279,0.00510231778026,-0.0528530068696,0.256499141455,0.650003553552,0.563821703879,-0.302877052807,0.409714482889
0.0136703010648,0.00445008091629,0.19575355947,0.679610869888,0.680202585973,0.228383119593,-0.152625876742,0.00514707481489,-0.0528200604022,0.256344199181,0.647000062354,0.566753868832,-0.305330809889,0.408600132171
0.0136686433107,0.00444371905178,0.195757091045,0.679835904538,0.679930870191,0.22818968918,-0.153122893176,0.00515093561262,-0.0526708513498,0.255647361279,0.647306068158,0.566091138429,-0.30509929113,0.409206671095
0.0136716719717,0.00445325672626,0.195742979646,0.679699861531,0.680218669442,0.227764744962,-0.153081288636,0.0051552685909,-0.0528773292899,0.256631731987,0.647723394014,0.565901580342,-0.30450451366,0.409251520919
0.0136779723689,0.00445380574092,0.19590356946,0.679916104054,0.680403897229,0.226509921206,-0.153159667275,0.00516743119806,-0.0528624877334,0.256606996059,0.646997064502,0.567098965087,-0.305356951326,0.408106229553
0.0136684179306,0.00445595011115,0.195790052414,0.679653322028,0.680152816547,0.228218192871,-0.152905083114,0.00515567651019,-0.0527403280139,0.255987852812,0.64733887592,0.566170748796,-0.304984558997,0.409130152522
0.0136616518721,0.00444780103862,0.195799827576,0.679585093435,0.680355317725,0.227607546543,-0.15321732011,0.00516015896574,-0.0528008341789,0.256265848875,0.648284635596,0.565500114475,-0.304240014836,0.40911448905
0.0136662041768,0.00445531494915,0.195749536157,0.679594197788,0.68017722395,0.227937329015,-0.153477178739,0.00513733830303,-0.0527521073818,0.255993396044,0.648130265094,0.565168501628,-0.304163967313,0.409873157484
0.0136720854789,0.00445917295292,0.195692434907,0.679598124358,0.680263956783,0.227924588422,-0.153093828951,0.00517501775175,-0.0528700053692,0.256538748741,0.646786941254,0.567103855429,-0.306017906776,0.40793738553
0.0136700700969,0.00446267938241,0.195806384087,0.679763700604,0.680271344171,0.227510445622,-0.152941841147,0.00517583452165,-0.0527879409492,0.256234437227,0.647033202506,0.566627659953,-0.305505936889,0.408591791838
0.0136702526361,0.00445451261476,0.195812568069,0.679346264914,0.680572639125,0.227228393766,-0.153872649581,0.005159357097,-0.0526940189302,0.255761951208,0.647329477397,0.566280963854,-0.305133519119,0.408881343644
0.0136768398806,0.0044556632638,0.195883870125,0.679447057112,0.680477817717,0.227057991634,-0.154098360182,0.00515827909112,-0.0527076646686,0.255870997906,0.647504401885,0.565976896399,-0.304882710264,0.409212335179
0.0136680770665,0.00445830635726,0.195839717984,0.679729800975,0.680350105607,0.226750048727,-0.153868602609,0.00518822483718,-0.0528228953481,0.256400108337,0.647121082676,0.56691116141,-0.305216530045,0.408275530998
0.013669513166,0.00446847546846,0.195739030838,0.67973246735,0.680056177432,0.228301023064,-0.152859449279,0.00520429061726,-0.052738815546,0.255978703499,0.647096828682,0.566701468921,-0.305522761657,0.408376029587
0.0136716086417,0.00446049263701,0.195887312293,0.679721743076,0.680309630815,0.227572117195,-0.1528662477,0.0051864348352,-0.0528385937214,0.256509006023,0.647533305295,0.566587446307,-0.305336412126,0.407981567783
0.013669937849,0.00446440838277,0.195708706975,0.67956574928,0.68017402811,0.229087767133,-0.151896276585,0.00517319515347,-0.0527580566704,0.256103843451,0.646586599901,0.567139974524,-0.305693968869,0.408447322825
0.0136738605797,0.00446146726608,0.195832803845,0.679543919493,0.680418521841,0.227371132175,-0.153470078089,0.00519217643887,-0.0528291910887,0.256422281265,0.64666891349,0.567352413972,-0.306183421518,0.407654592851
0.0136748319492,0.00446174992248,0.19574072957,0.679621433711,0.68001672742,0.228764717766,-0.152835405506,0.00516703492031,-0.0527610294521,0.256107568741,0.64914410863,0.56432136969,-0.303386713913,0.410011975146
0.0136782201007,0.00446361396462,0.195774883032,0.67972110888,0.680297732275,0.228245901223,-0.151914509445,0.00520622823387,-0.0526433065534,0.255527764559,0.647301289955,0.566195920434,-0.304858407528,0.409248788717
0.0136742303148,0.00446474226192,0.195820704103,0.679376212952,0.680434861067,0.228180288021,-0.152938279313,0.00518901320174,-0.0528434999287,0.25656580925,0.64680213923,0.566945317065,-0.305018237486,0.408881247975
0.0136804953218,0.00445643533021,0.195845142007,0.6794462546,0.680530525404,0.227103972987,-0.153801094138,0.00518998457119,-0.0528197959065,0.256398320198,0.647142187279,0.566958562156,-0.305165135659,0.408214671736
0.0136633152142,0.00445737829432,0.195769846439,0.679428521558,0.680528132472,0.227190119758,-0.153762786436,0.00516876252368,-0.0528284572065,0.256388574839,0.647016991006,0.567060206686,-0.305865270464,0.407747681376
0.0136615457013,0.00446038413793,0.195655792952,0.679570081224,0.680300454168,0.228444742244,-0.152278680402,0.00517749227583,-0.0528669059277,0.256612151861,0.649828526508,0.564036886986,-0.302497769459,0.409976067263
0.013675714843,0.00446546031162,0.195892944932,0.679535274573,0.680661079895,0.22688527971,-0.153151476582,0.00516921421513,-0.0528092160821,0.256291925907,0.646850562246,0.566937866456,-0.3054978338,0.408456704247
0.0136716859415,0.00446047075093,0.195869669318,0.679489793938,0.680684066654,0.226690734176,-0.153538699927,0.00517637189478,-0.0527917593718,0.256235420704,0.646560817211,0.567228131434,-0.305739505277,0.408331619485
0.0136703662574,0.0044555622153,0.195772513747,0.679674874743,0.680300501138,0.227732741982,-0.152876064261,0.00516519835219,-0.0527064017951,0.255878895521,0.647114463187,0.566594817305,-0.305359533168,0.408618085796
0.0136677352712,0.00445716222748,0.195777788758,0.679796938242,0.680172991205,0.228042060878,-0.152438982094,0.00515537522733,-0.0527889579535,0.25625538826,0.647548232901,0.566047410323,-0.304563303355,0.409283287691
0.0136794829741,0.00444451160729,0.195929870009,0.679438007241,0.680786645541,0.226204506553,-0.154029408829,0.00518659781665,-0.0527716353536,0.256138533354,0.647634141551,0.566108852486,-0.30470792632,0.408954600747
0.013670428656,0.00443347729743,0.19596169889,0.679208220133,0.681214746427,0.225909226037,-0.153582826336,0.00522016920149,-0.0527602024376,0.256035387516,0.647034819292,0.566482932621,-0.305461178033,0.408823309496
0.0136676011607,0.00443294784054,0.195899173617,0.6790050961,0.680884821519,0.227109194202,-0.154173127374,0.00522923143581,-0.0528381839395,0.256361991167,0.647402004407,0.566016468063,-0.304721673692,0.409439499993
0.0136823607609,0.00443980935961,0.196052774787,0.679273579241,0.681182676558,0.225409573222,-0.15416903062,0.00523268245161,-0.0527670569718,0.256014287472,0.646822878283,0.56658143411,-0.305546112894,0.408958696627
0.0136745655909,0.00444058468565,0.195983797312,0.679168183207,0.681242946118,0.225322859398,-0.154493483084,0.00522724818438,-0.0528610683978,0.256483852863,0.646858843208,0.566918077121,-0.305778703134,0.408260842486
0.0136684169993,0.00443426612765,0.195879131556,0.67900790565,0.681128095974,0.226136007636,-0.154516300076,0.00524229509756,-0.0529368631542,0.256899297237,0.647211016812,0.566526350647,-0.304986415636,0.408838696819
0.0136727467179,0.00444093393162,0.196000978351,0.679068232083,0.68142593574,0.224993638607,-0.154605604241,0.00524892983958,-0.0528464019299,0.25640296936,0.647234420791,0.566237738133,-0.304940460287,0.409235560695
0.0136875947937,0.00443599605933,0.196022853255,0.678920380998,0.68146293008,0.225595862263,-0.154213806523,0.00524571724236,-0.0526863187551,0.255637466908,0.647723024158,0.565287394483,-0.304334377487,0.410226318383
0.013669882901,0.00443442212418,0.196000277996,0.678772352473,0.681477269382,0.225897859218,-0.154359910711,0.00525075616315,-0.0528483949602,0.256425887346,0.647336783109,0.566215826044,-0.304888595966,0.409142605483
0.0136680463329,0.00442416174337,0.195864483714,0.678728830996,0.681145865556,0.226995898594,-0.154403192428,0.00524635054171,-0.0528705455363,0.25651961565,0.647013597239,0.566549333094,-0.305058139389,0.409065752357
0.0136768994853,0.00443630758673,0.195943102241,0.678711703592,0.681666193876,0.226030607567,-0.153596184776,0.00524418149143,-0.0528709478676,0.256558418274,0.647018721805,0.566702849314,-0.30469007044,0.409119316568
0.0136768007651,0.00444328365847,0.196038842201,0.67875740294,0.681861298294,0.224429638121,-0.15487057621,0.00526064634323,-0.0528063476086,0.256222993135,0.646723375168,0.566678499321,-0.305419960331,0.40907579035
0.0136719718575,0.00443922355771,0.196001559496,0.678762307859,0.681678726667,0.225086231383,-0.154699810863,0.00524836359546,-0.0528377108276,0.256395876408,0.647508812843,0.566221964837,-0.304368741186,0.409248937953
0.0136450184509,0.00439002364874,0.195806145668,0.678684346625,0.680944764143,0.229000067567,-0.152514769403,10.0,10.0,10.0,10.0,10.0,10.0,10.0
0.0136354835704,0.0043666632846,0.195993214846,0.679058915747,0.680672918679,0.228314955423,-0.153087059713,10.0,10.0,10.0,10.0,10.0,10.0,10.0
0.0135470079258,0.00429988047108,0.195827916265,0.678649165201,0.680763231201,0.23084187617,-0.150694266061,0.00536962179467,-0.0532598942518,0.258085131645,0.648882235959,0.564994502485,-0.305429277072,0.407977956176
0.0134901450947,0.00429337192327,0.195651754737,0.678516208494,0.680437839013,0.231350108601,-0.151977726331,0.0054600299336,-0.0532877780497,0.258251070976,0.647868790459,0.56623208566,-0.306116941065,0.407356936742
0.0134992338717,0.00429982645437,0.195712283254,0.678410916143,0.680698950189,0.23101072579,-0.151794639694,0.00548430671915,-0.0532143376768,0.25786498189,0.647976386717,0.566031221777,-0.306531923667,0.407152843542
0.013487117365,0.00430649518967,0.195739030838,0.678806542001,0.680546181145,0.229494737694,-0.153005683671,0.00551114976406,-0.0532869324088,0.258236318827,0.647843469318,0.566270610388,-0.306560317457,0.407010081979
0.0134945232421,0.00430134404451,0.195746690035,0.678568221119,0.680618645512,0.230584463424,-0.152099421091,0.00547957373783,-0.0532292574644,0.257962912321,0.647877026327,0.566275425831,-0.306257662695,0.407177780457
0.0134912822396,0.00430784886703,0.195764929056,0.67861234967,0.680529938186,0.230078826806,-0.153062129749,10.0,10.0,10.0,10.0,10.0,10.0,10.0
0.0134714134037,0.00429830560461,0.195551604033,0.678455199791,0.680460409513,0.231038929043,-0.152621054345,0.00548097211868,-0.053241468966,0.258036464453,0.647724061071,0.566570684646,-0.306378340673,0.40691954042
0.0134759861976,0.00430622324347,0.195646762848,0.678282830007,0.680743883116,0.231150861337,-0.151952122132,0.00550847686827,-0.0532645061612,0.258140444756,0.647683317444,0.56637664247,-0.306385112927,0.407249286979
0.0134768169373,0.00430703535676,0.195709824562,0.678349865662,0.680805756095,0.231099106166,-0.151453574911,0.00552727887407,-0.0533060543239,0.258329570293,0.648547159691,0.565487719147,-0.305497625325,0.407776191153
0.0134833157063,0.00431003514677,0.195789173245,0.678557064289,0.68066469275,0.230108451088,-0.152662985968,0.00551012065262,-0.0532074570656,0.257861763239,0.647685416679,0.566389612411,-0.30675220201,0.406951464596
0.0134817417711,0.00431006401777,0.195697501302,0.67803274,0.68104696424,0.231386633506,-0.151350129906,0.00553412921727,-0.0533070378006,0.258316814899,0.647888718311,0.566437303213,-0.30679641973,0.406527916698
0.0134707968682,0.00431395508349,0.195685595274,0.678362430683,0.680566937014,0.230938728527,-0.152710053853,0.00552416499704,-0.0530929453671,0.257330447435,0.648174932968,0.565632263127,-0.305449929249,0.408203062094
0.0135092698038,0.00432619312778,0.195811912417,0.678591637998,0.680835701735,0.229701265278,-0.152359656118,0.00552458083257,-0.0532113499939,0.257894694805,0.647821095657,0.566260888481,-0.306571955702,0.407050451634
0.0135018927976,0.004334513098,0.19578294456,0.678588034355,0.680712671067,0.229753792908,-0.152845456994,0.00552942370996,-0.0531584918499,0.257681757212,0.648232180572,0.565653988578,-0.305180863057,0.408283291478
0.0135141648352,0.00434636510909,0.195907890797,0.678474315107,0.680910505236,0.229332510109,-0.153101559122,0.00555161619559,-0.0531501583755,0.257663726807,0.647468853591,0.566778992824,-0.306088994369,0.407253219079
0.0135067924857,0.0043353238143,0.195816829801,0.678745403023,0.680788269264,0.228851126395,-0.153163873858,0.00554729811847,-0.053313523531,0.258389800787,0.648245754055,0.566207015247,-0.306171546379,0.406750589948
0.0135299246758,0.00435050250962,0.195773795247,0.67860374809,0.680598218305,0.229370512633,-0.153857681813,0.0055296253413,-0.0532780066133,0.258199751377,0.647154756947,0.567364205891,-0.307584274909,0.405808442818
0.0135382162407,0.00438956543803,0.195995748043,0.678238895585,0.681147400675,0.228300472193,-0.154625720581,0.0055207288824,-0.0531038939953,0.257095605135,0.647398780879,0.566911108308,-0.304592039705,0.408301730515
0.0135436439887,0.00439344299957,0.196029290557,0.678675226214,0.680818201073,0.227207329788,-0.155766953173,0.00553161697462,-0.0531252734363,0.257026791573,0.646764500951,0.567878886338,-0.30393557624,0.408451240979
0.0135430237278,0.00435972539708,0.195801839232,0.678427290019,0.680511217104,0.229912942545,-0.15421068187,0.00552168022841,-0.0530663058162,0.256524801254,0.645421609433,0.568822430952,-0.304537432992,0.408814065353
0.0135505385697,0.00435244757682,0.196002915502,0.678141424933,0.68106616568,0.229384297343,-0.153804843513,0.00553076015785,-0.0530440844595,0.256112635136,0.643650839316,0.569822706326,-0.305503817101,0.409491267477
0.0135700227693,0.00426887022331,0.195664584637,0.678720678141,0.679897123589,0.23111260693,-0.153834668775,0.00556828547269,-0.0532178319991,0.256365180016,0.645871078281,0.56796897741,-0.304727699529,0.4091488972
0.013569667004,0.00420598639175,0.195787981153,0.6783966591,0.68012024943,0.231438174834,-0.153788134997,0.00566550157964,-0.0534377619624,0.257138609886,0.646904600005,0.568536962074,-0.306367406102,0.405486342219
0.013602909632,0.00419422192499,0.195811137557,0.678462518674,0.680048874863,0.231088813139,-0.154337613671,0.00564913311973,-0.053568713367,0.257708311081,0.647346747175,0.56808191005,-0.306693576109,0.405171794143
0.0136012323201,0.00415788404644,0.195906698704,0.678522105953,0.680048602014,0.230087435093,-0.155568064988,0.00571596855298,-0.0535666421056,0.257638782263,0.647606646884,0.567606787686,-0.307517340396,0.404797790063
0.0136026507244,0.00413518399,0.195841282606,0.678273733341,0.680277910085,0.230927165438,-0.154399974005,0.00572691950947,-0.0535508692265,0.25754955411,0.647427278661,0.567794025305,-0.308070891991,0.404401025198
0.0136161036789,0.00409314315766,0.196012869477,0.678156060519,0.681269405736,0.228330952758,-0.154406380706,0.00577385118231,-0.0536396130919,0.257898598909,0.647507905758,0.567882014692,-0.308504487082,0.403817422631
0.0136303165928,0.00415397854522,0.195918187499,0.678594361908,0.67999510907,0.23056663896,-0.154775219677,0.00572428340092,-0.0536179579794,0.257856070995,0.647223916834,0.568156258706,-0.308640819809,0.403782752874
0.0135639477521,0.00416843313724,0.195744425058,0.678374892956,0.679792502442,0.231011398627,-0.155959584299,0.00573694473132,-0.0536356829107,0.258009970188,0.647375993344,0.568142960434,-0.307001177694,0.404806344621
0.0136387115344,0.00408832868561,0.195903763175,0.677928487565,0.681363702952,0.228660515023,-0.154501905868,0.00570692168549,-0.0536470040679,0.257589191198,0.647644501199,0.568077807378,-0.305386200317,0.405688887557
0.0136050404981,0.00405770447105,0.195964589715,0.677924352675,0.681329384729,0.228015799619,-0.15562016797,0.00579308951274,-0.053544819355,0.256863117218,0.64602255067,0.57007229685,-0.306461820137,0.40466479114
0.0136574618518,0.00410010153428,0.19575804472,0.678350427809,0.680249523679,0.230470422725,-0.154869838492,0.00576654402539,-0.0535351261497,0.256886035204,0.646787753319,0.568995236042,-0.30562136936,0.405592901945
0.0136191863567,0.00407880079001,0.196035161614,0.678171900124,0.681509853745,0.227423817411,-0.154614360278,0.00578085891902,-0.0535088405013,0.256760627031,0.646350943296,0.569509631192,-0.30626481304,0.405081599647
0.0136285088956,0.00413238676265,0.195844754577,0.67831323105,0.680163742414,0.230974103174,-0.154659004751,0.00577198574319,-0.0535716153681,0.257474452257,0.647639697959,0.5679522825,-0.306495760578,0.405035029569
0.0135904662311,0.00415165442973,0.195778846741,0.678340506142,0.680142139372,0.230316765978,-0.155611745338,0.00580761115998,-0.0535211637616,0.256882369518,0.646714740628,0.569533503449,-0.305154062055,0.405305602127
0.0135968504474,0.00425964035094,0.195713281631,0.678722904403,0.679647468759,0.23218693693,-0.153309372078,0.00563173508272,-0.053482491523,0.257342427969,0.647437150543,0.567912192411,-0.305791912756,0.405946035699
0.0135226873681,0.00430803885683,0.195548534393,0.678156547778,0.680122323497,0.231925291361,-0.154103799477,0.00562141183764,-0.053517177701,0.257571399212,0.647242648717,0.568458254946,-0.305136493749,0.405985081312
0.0135302850977,0.00430735899135,0.19559083879,0.678618374839,0.67975779549,0.231032664031,-0.155017253725,0.00566228758544,-0.0534696578979,0.257304221392,0.646782747683,0.568821465876,-0.306356530446,0.405289888242
0.0135573847219,0.00429913820699,0.195669367909,0.678125170604,0.68006649829,0.232502732439,-0.153617350275,0.00558968028054,-0.0535022616386,0.257506668568,0.648158669747,0.567257601157,-0.30403547346,0.407027743083
0.0135780218989,0.00415980629623,0.195660069585,0.677849747166,0.680132540067,0.231944250812,-0.155374749315,0.005755151622,-0.0533689595759,0.256724953651,0.647647432489,0.567212529314,-0.306932388803,0.405728059769
0.0135521776974,0.00427080737427,0.195654436946,0.678105104542,0.679870146149,0.233309391739,-0.15335181543,0.00561019685119,-0.0535407364368,0.257650256157,0.64790150934,0.567527352514,-0.304815535708,0.40647733951
0.0135771054775,0.00427441857755,0.195686787367,0.678899150131,0.679893409293,0.230648987489,-0.153759359135,0.00566337956116,-0.0534924529493,0.257365494967,0.647037437478,0.568400051358,-0.306809822696,0.405131668492
0.0135749401525,0.00427743699402,0.195586845279,0.678581029144,0.679943657818,0.231588108837,-0.153529661384,0.00562863983214,-0.053569547832,0.257748275995,0.647234486558,0.56837779506,-0.306311932195,0.405224877923
0.0135336369276,0.00431092875078,0.19561688602,0.678204332524,0.680229958162,0.231219612167,-0.154478407277,0.00565958442166,-0.0534897595644,0.257378637791,0.647064501219,0.568448157795,-0.306422647629,0.405313932873
0.0135321291164,0.00429115677252,0.195406809449,0.678133634706,0.680185338757,0.231828053284,-0.154072814381,0.00564877595752,-0.0534516535699,0.257168412209,0.647190835837,0.568121131451,-0.306636165485,0.405409254981
0.0135378343984,0.00427403766662,0.195571899414,0.67846501718,0.679984499708,0.231606777213,-0.153833030814,0.00564934220165,-0.0535084977746,0.257415384054,0.646950123819,0.56848284724,-0.307265067468,0.40480979237
0.0135406386107,0.00434485822916,0.195745632052,0.678129175989,0.680624144321,0.229956301497,-0.154957072254,0.00563900126144,-0.053516689688,0.257532268763,0.646920913925,0.56882022206,-0.306284227874,0.405125730925
0.0135316308588,0.00427749892697,0.195524707437,0.678233300922,0.679956158063,0.232514456455,-0.153610677274,0.00569050759077,-0.0534271858633,0.256986528635,0.647132143887,0.567971829551,-0.307102508597,0.405359147422
0.013544479385,0.00429831817746,0.195590600371,0.67802283357,0.680350655282,0.231846099353,-0.153803150908,0.0056704566814,-0.0535299666226,0.257518678904,0.646622944505,0.568944002871,-0.307682522093,0.404367351347
0.0135516617447,0.00417998805642,0.195550709963,0.677965629922,0.680049326808,0.232009505136,-0.155135770467,0.00572837144136,-0.053428851068,0.256535589695,0.645902141542,0.570503690658,-0.304910202807,0.40542043698
0.0135579062626,0.00422799633816,0.195529803634,0.678093886668,0.679472855677,0.233114001816,-0.155445107417,0.00575788784772,-0.0533256977797,0.25605353713,0.645755672227,0.57043473412,-0.304870085292,0.405780799188
0.0135721368715,0.00418519508094,0.195784926414,0.677955105539,0.680327812149,0.231263967676,-0.155073918323,0.0057255490683,-0.0535322725773,0.256838619709,0.647009070288,0.569040558275,-0.304985849098,0.405654702738
0.0135622136295,0.00423058634624,0.195604473352,0.677719214457,0.67985152593,0.233100128898,-0.155444198846,0.00572106940672,-0.0536599047482,0.257341325283,0.646959600343,0.570075200212,-0.305603060318,0.403812222638
0.0135906925425,0.00419386848807,0.195743054152,0.67811084829,0.679574099307,0.2326822776,-0.155575315118,10.0,10.0,10.0,10.0,10.0,10.0,10.0
0.013601385057,0.00423001591116,0.195805564523,0.677377425789,0.679746379251,0.233355350656,-0.157003067637,0.00563347246498,-0.0540008246899,0.256807982922,0.64982584265,0.570532256835,-0.300842215738,0.402135896638
0.0135901132599,0.00418348563835,0.195578202605,0.677319710136,0.679469549446,0.234564283156,-0.156648455797,0.00567697826773,-0.0539151616395,0.255958080292,0.6481579994,0.569780987883,-0.301208620146,0.405603501971
0.013589204289,0.00418677553535,0.195456936955,0.67740894955,0.679222655958,0.234735253663,-0.157076603578,0.00567061128095,-0.0539500229061,0.256215244532,0.649126204178,0.569403961504,-0.300870883708,0.404834547697
0.0136241512373,0.00425667688251,0.195768132806,0.676853902524,0.679247466604,0.234179741026,-0.160160927328,0.00578115461394,-0.0538335107267,0.254631906748,0.645533435827,0.571856962613,-0.301153825052,0.406906096289
0.0136172510684,0.00424263207242,0.195717304945,0.676812700564,0.67917958381,0.234729805616,-0.159817332125,0.00572833605111,-0.0539486370981,0.254710763693,0.647100596347,0.572192364987,-0.29841910669,0.40595905264
0.0136158689857,0.00418755412102,0.195646926761,0.677361504781,0.678887595018,0.235213306998,-0.158011788749,0.00573629979044,-0.0540498793125,0.255304992199,0.647107283635,0.571420545018,-0.300971516724,0.405150429246
0.0136092947796,0.00420024106279,0.195581138134,0.677132370235,0.678993698484,0.235316902709,-0.158383287936,0.00577870802954,-0.0539579167962,0.254893511534,0.646273198024,0.572462170635,-0.300927230877,0.405044217864
0.0136230774224,0.00420136423782,0.195798933506,0.677047764009,0.679111643197,0.235532570601,-0.157918046818,0.00568101322278,-0.0542391501367,0.255518823862,0.650739561821,0.570700195141,-0.295918241235,0.404068935272
0.0136091606691,0.00420998688787,0.195668160915,0.676649701059,0.679221230807,0.236222227659,-0.1581226133,0.00568655645475,-0.0543328933418,0.255880743265,0.650855057951,0.57088467064,-0.296113634045,0.403478750494
0.0136214671656,0.00420966325328,0.195668920875,0.676822818,0.679049232575,0.236146529693,-0.158233464499,0.00571485608816,-0.0541705079377,0.255125075579,0.650189746038,0.571468283025,-0.296511345055,0.403433164101
0.0136177558452,0.00420410139486,0.195656597614,0.676900607143,0.679061471709,0.235691878642,-0.158525783495,0.005687775556,-0.0539742149413,0.254488021135,0.648216575508,0.57170658429,-0.297209152094,0.405750628622
0.013615841046,0.0042724404484,0.195880934596,0.676607193914,0.67954978101,0.233510885037,-0.160895826056,0.00574536575004,-0.0542262531817,0.255385428667,0.649235511289,0.572875650024,-0.29784745817,0.401987104461
0.0136122144759,0.00424278294668,0.195695281029,0.676561256915,0.67921436694,0.235382472752,-0.159774218522,0.00568787241355,-0.0542321391404,0.255428522825,0.650436672253,0.571269368029,-0.296207978073,0.40353968611
0.0135805308819,0.0042936722748,0.195800468326,0.676524817257,0.679757273573,0.233942122587,-0.159735105535,0.00574821792543,-0.0539573468268,0.254807710648,0.647258176319,0.571564247347,-0.299794016588,0.40557947675
0.0136421788484,0.0043038027361,0.196009889245,0.676519458278,0.679988707404,0.23314201645,-0.15994242883,0.0057199918665,-0.0539446100593,0.255032926798,0.64610152855,0.572176309303,-0.301127035486,0.405573167723
0.0135729964823,0.00427105650306,0.195644855499,0.676589231032,0.679692961961,0.234158346677,-0.159418815055,0.00575009826571,-0.0538441874087,0.25528767705,0.646120400204,0.570350528273,-0.303318279438,0.406480903239
0.0135629856959,0.00423834100366,0.195639073849,0.677877138291,0.679382442782,0.233213766719,-0.156631480979,0.00571746751666,-0.0538861304522,0.25677421689,0.648894116529,0.570182351259,-0.300214559298,0.404598233107
0.0135723100975,0.00412135384977,0.195629015565,0.677841930633,0.680471913207,0.23140209353,-0.154729969698,10.0,10.0,10.0,10.0,10.0,10.0,10.0
0.01354364492,0.0041663274169,0.195596843958,0.678132878463,0.680579088293,0.230852921562,-0.153801275457,0.00580041809008,-0.0536257736385,0.257927447557,0.647537244124,0.567823050574,-0.307563290246,0.404570541687
0.0135947000235,0.00412613619119,0.195788487792,0.678067975227,0.680970123067,0.229530100461,-0.154335496384,0.00580441439524,-0.0536511540413,0.25794968009,0.647352642514,0.56821904422,-0.307566003655,0.404307837435
0.0135300541297,0.00405197404325,0.196012467146,0.678541028328,0.682900071981,0.223053865131,-0.153220552844,0.00572017394006,-0.0531899109483,0.257897794247,0.645406908271,0.568072668228,-0.30795453221,0.407317287209
0.0135395331308,0.00403395434842,0.1961132586,0.67866944153,0.684164952567,0.219523489765,-0.152103728596,0.00570233492181,-0.0527972914279,0.256835997105,0.643489852103,0.567585595563,-0.306363316616,0.412200097262
0.0134970499203,0.00392339332029,0.195503905416,0.679686167462,0.682276731738,0.224426723086,-0.14885503369,0.00565980700776,-0.0528183318675,0.257725924253,0.641972228228,0.567249514107,-0.309901290808,0.412384331523
0.0134851373732,0.00389738287777,0.195517197251,0.681235635365,0.681940741708,0.222020500662,-0.14690721968,0.00559413433075,-0.0522549934685,0.257367789745,0.640919316124,0.566104778247,-0.310050830528,0.415471169581
0.0134786264971,0.00384033704177,0.195308566093,0.681402841341,0.681850255079,0.223189271224,-0.144765143151,0.00555285392329,-0.0524353161454,0.257980555296,0.641499054875,0.566113639094,-0.310633688298,0.414126818644
0.0134651502594,0.00387806980871,0.195335313678,0.681353572151,0.682149866808,0.221510823819,-0.14615684678,0.00564412632957,-0.052187088877,0.258181810379,0.639984299541,0.565986834932,-0.312705995312,0.415083075445
0.0134543497115,0.00380329508334,0.195220187306,0.681332998078,0.682052111007,0.222575810193,-0.145087119752,0.00563691556454,-0.0521554872394,0.258234083652,0.639698732709,0.565782655243,-0.313739969001,0.41502138529
0.0134628601372,0.00376149080694,0.19536434114,0.681963958912,0.682502020464,0.219881611396,-0.14411185856,0.00561277708039,-0.052148308605,0.258902847767,0.641048152949,0.563320480714,-0.314891600383,0.415416154737
0.0134659362957,0.00376894907095,0.195321545005,0.681852360271,0.682702131855,0.219712570762,-0.143949797508,0.00562486890703,-0.0520953759551,0.258327573538,0.63965633392,0.56494060712,-0.315450665028,0.414937058885
0.0134777380154,0.00380903016776,0.195230036974,0.681335273486,0.682462813922,0.222367475303,-0.143455423894,0.00563899101689,-0.0520599931479,0.258061915636,0.639590171357,0.565058787624,-0.315102281965,0.41514278403
0.0134450132027,0.00379677140154,0.19521933794,0.681858753152,0.682035845125,0.221040540934,-0.145040773502,0.00566024938598,-0.0522749237716,0.2589212358,0.639228650266,0.565872944992,-0.31535048235,0.414401515546
0.0134615898132,0.00377357192338,0.195302397013,0.681606374252,0.682662064593,0.220645479153,-0.143877825514,0.00567420991138,-0.0521855503321,0.258515179157,0.639920443625,0.564927411551,-0.3150618603,0.41484318687
0.0134636135772,0.00372317270376,0.195360630751,0.681464019488,0.682559231361,0.22053638615,-0.145201199068,0.00562652433291,-0.0521335303783,0.257607907057,0.638608077365,0.566261605302,-0.312911635771,0.416669924622
0.0134974811226,0.00374539056793,0.195345729589,0.681186773493,0.682422359571,0.222701473171,-0.14383447648,0.00561586301774,-0.0524466820061,0.258176833391,0.640265051006,0.566682591791,-0.311734759993,0.414430867617
0.0134964240715,0.00365326949395,0.195467755198,0.68071775467,0.684107048209,0.218488426879,-0.144511910883,0.00562432361767,-0.0528822988272,0.259547680616,0.646044973709,0.563612834475,-0.309871546256,0.411030521472
0.0135321980342,0.00344147905707,0.19569696486,0.680434697214,0.68390449039,0.218019327014,-0.147481673101,0.00569442892447,-0.0529785454273,0.259595006704,0.643933735075,0.563554119009,-0.311638861648,0.413082703209
0.0135225336999,0.00358775653876,0.19567579031,0.680299322724,0.684170941337,0.218288144788,-0.146469247207,0.00573546206579,-0.0529827922583,0.259661108255,0.643941490722,0.563995958045,-0.312214069214,0.4120319051
0.01356217172,0.00348982657306,0.196140259504,0.679369718564,0.685372477706,0.214938481857,-0.15007598515,0.00576301850379,-0.0527924448252,0.257501959801,0.639961874306,0.567260779424,-0.31289919667,0.413228871555
0.0135667370632,0.00354717532173,0.195845931768,0.679625229107,0.684584180635,0.216894835909,-0.149701963055,0.00573885347694,-0.0530600398779,0.257857352495,0.643078547521,0.566863600087,-0.308819507964,0.412002611783
0.0135777918622,0.00344939087518,0.195928931236,0.679091999333,0.684487206077,0.217584222479,-0.151553380982,10.0,10.0,10.0,10.0,10.0,10.0,10.0
0.0135728558525,0.00348878372461,0.195896595716,0.679137298895,0.68459601549,0.217798754204,-0.150547426059,10.0,10.0,10.0,10.0,10.0,10.0,10.0
0.0135895293206,0.00337475980632,0.195936888456,0.679331763174,0.68345151209,0.219435989683,-0.152480269529,0.00578556582332,-0.0533119402826,0.257247000933,0.64468508406,0.566323612263,-0.30564533565,0.41260106323
0.0135818235576,0.00351354759187,0.195735514164,0.678951067648,0.683589738136,0.220489659851,-0.152035612777,0.00580278085545,-0.0533984415233,0.257720291615,0.644022363407,0.567439664702,-0.306137606391,0.411736794941
0.0135715911165,0.00377782387659,0.19515375793,0.678124035471,0.680333909056,0.232552412182,-0.152357934789,10.0,10.0,10.0,10.0,10.0,10.0,10.0
0.0136130759493,0.00383043498732,0.195305481553,0.678364955254,0.680599357562,0.229840091842,-0.154204520528,0.0058159660548,-0.054037772119,0.25650370121,0.645001763282,0.570490644329,-0.302757116436,0.408474330336
0.0136175174266,0.00390149909072,0.195750176907,0.67700023037,0.682413392109,0.22733573878,-0.155888140096,0.00583857670426,-0.0538755096495,0.255737394094,0.645566673997,0.570139312841,-0.302120431887,0.408543850786
0.0136222373694,0.00390356802382,0.195634320378,0.677194647046,0.682075647035,0.227831717151,-0.155797722683,0.0058186375536,-0.0541992746294,0.256949692965,0.646896889404,0.569925991346,-0.30370553153,0.405551142257
0.0135935712606,0.00396092049778,0.195668324828,0.676994584968,0.68172649561,0.228811190871,-0.156756996779,0.00581475254148,-0.0541663728654,0.256832152605,0.646981147909,0.569854353707,-0.303038318468,0.406016240256
0.0136115113273,0.00400468846783,0.195598840714,0.67712726065,0.681415210625,0.229099794642,-0.1571154598,0.00580885261297,-0.0542206168175,0.256998479366,0.647013639225,0.569743940144,-0.303789483929,0.405557816815
0.0135904019699,0.00402588211,0.195546299219,0.676693318613,0.68095634334,0.231790696124,-0.157027654251,0.00573208276182,-0.0541733428836,0.256821036339,0.647047014287,0.569660629552,-0.303541153752,0.405807462252
0.0135454563424,0.00405902788043,0.195383161306,0.677003730767,0.68101911891,0.231736199915,-0.15549032721,0.00574282184243,-0.0542037077248,0.256965458393,0.646933855153,0.569866757642,-0.303666404116,0.405604709789
0.0135286469012,0.00399482576177,0.195441842079,0.677215233577,0.681401684224,0.2294168654,-0.156330336203,0.00562626682222,-0.05397946015,0.256023854017,0.647716733985,0.568689230141,-0.300965678636,0.408013789375
0.0135786263272,0.00408390397206,0.195560827851,0.677311316274,0.680784515952,0.231696144759,-0.155237624923,0.00559028796852,-0.0539310276508,0.255849897861,0.647589801387,0.569235896438,-0.301460429748,0.40708666478
0.0135320778936,0.00406332779676,0.195356234908,0.676916884654,0.681006959129,0.23225789829,-0.155142906928,0.00561587326229,-0.0539331622422,0.255781650543,0.646502193225,0.570111638321,-0.30280186846,0.406593977406
0.0135493222624,0.00406623864546,0.195442050695,0.676692377178,0.681816720265,0.231081304793,-0.154320501589,0.00556772341952,-0.0539820939302,0.256436467171,0.647739441876,0.569914986471,-0.300491950528,0.406614204501
0.0135410157964,0.00403895322233,0.195525422692,0.677109929955,0.681801428731,0.229331957535,-0.155163809534,0.0055471691303,-0.0537186414003,0.255836039782,0.647216404143,0.569571095824,-0.301116398214,0.4074660817
0.0135088665411,0.00410742964596,0.19521060586,0.677161684508,0.680165222356,0.233760651042,-0.155509746824,0.00554226571694,-0.0537334010005,0.255707412958,0.646801546074,0.569968885727,-0.301017342246,0.407641740951
0.01350088045,0.00413697538897,0.195208877325,0.67694085899,0.680135412637,0.235240389015,-0.154365971908,0.0055423383601,-0.0536883696914,0.255681633949,0.647995026021,0.569138736824,-0.299974402389,0.407674996057
0.0135059840977,0.00408386532217,0.195447638631,0.677304476764,0.681282289865,0.230439707427,-0.154953633431,0.0055526252836,-0.0536355599761,0.255542755127,0.645955089365,0.570399570054,-0.301218255476,0.408232673329
0.013510087505,0.0040663597174,0.195383310318,0.677174704905,0.681287000188,0.230205330391,-0.155845911949,0.00555231003091,-0.0536965988576,0.255886405706,0.646656152379,0.570124657406,-0.300855870046,0.407773762112
0.0135205155239,0.00414365110919,0.195194512606,0.677077479612,0.679925245589,0.234847173485,-0.155288609108,0.00563413230702,-0.0539656579494,0.256028145552,0.64709763072,0.570024346288,-0.302087388057,0.406300518006
0.0135488538072,0.00408310908824,0.195310220122,0.676753069525,0.680375379994,0.234450480864,-0.155330606155,0.0056862947531,-0.0539370551705,0.255731910467,0.646712438588,0.569637067742,-0.303609653943,0.406322299244
0.0135489189997,0.00404195580631,0.195507451892,0.676533241327,0.681364627186,0.232105507088,-0.155473636928,0.00565993553028,-0.0540882274508,0.256424963474,0.647067343274,0.569422131541,-0.303352443985,0.406250641978
0.0135277733207,0.00403851596639,0.195363402367,0.67651839409,0.681217621974,0.233453998696,-0.154157855667,0.0056700152345,-0.0540908388793,0.256411463022,0.646873201767,0.569629344846,-0.304065639248,0.405735822124
0.0135835185647,0.0039579202421,0.195882350206,0.676942623547,0.682312466328,0.227923534346,-0.15572169152,0.00574111333117,-0.0541482307017,0.256675183773,0.646749915045,0.569913756648,-0.304331380063,0.405333527457
0.0135476673022,0.00399762066081,0.195755645633,0.67685370826,0.682529578061,0.228542194316,-0.154242983969,0.00562547100708,-0.0539556741714,0.256065547466,0.646373656881,0.570502601998,-0.301693506223,0.407073586844
0.0135417440906,0.00400037877262,0.195753321052,0.677154807262,0.681781993891,0.229207230099,-0.155237641949,0.00564716011286,-0.0541346557438,0.256682038307,0.647065159796,0.569647617735,-0.302770022946,0.406372469285
0.0135410232469,0.00403435947374,0.195693016052,0.677057104939,0.682413932058,0.228365037123,-0.154124338781,0.00569583289325,-0.0537214763463,0.255775481462,0.646292388855,0.569847164976,-0.300952857108,0.408665798026
0.0135970329866,0.00390507210977,0.195942550898,0.677582370607,0.682567280519,0.22615235776,-0.154399318933,10.0,10.0,10.0,10.0,10.0,10.0,10.0
0.0135881816968,0.00383852678351,0.195420071483,0.678346281678,0.681012090342,0.229983393507,-0.152238279194,10.0,10.0,10.0,10.0,10.0,10.0,10.0
0.0136070903391,0.00386586971581,0.195696040988,0.678093305088,0.681634195594,0.22857666511,-0.152699054218,10.0,10.0,10.0,10.0,10.0,10.0,10.0
0.0135848755017,0.00386291928589,0.195655807853,0.67783207696,0.681603077384,0.229205476404,-0.153054793882,10.0,10.0,10.0,10.0,10.0,10.0,10.0
0.0136033222079,0.00350217474625,0.195993155241,0.678777654369,0.68315241621,0.22243231748,-0.151945833425,0.00588918663561,-0.0540814474225,0.259952932596,0.650302885883,0.564650329162,-0.305851776232,0.405870488415
0.0136243626475,0.00351577298716,0.196139097214,0.678689995175,0.683844143586,0.220955956384,-0.151378806543,0.00593286007643,-0.0535317771137,0.257796764374,0.645517437584,0.567779644146,-0.30687966232,0.408360608192
0.0136177185923,0.00344237778336,0.196276277304,0.678370095403,0.684537861621,0.218517692032,-0.153205574115,0.00596003048122,-0.0534807555377,0.257628887892,0.644914685502,0.568059999372,-0.307152659291,0.408717664689
0.0136274527758,0.00343714701012,0.196208834648,0.67879857169,0.68467370215,0.21791453663,-0.151550900299,10.0,10.0,10.0,10.0,10.0,10.0,10.0
0.0136193726212,0.00343218259513,0.196306571364,0.678553210119,0.68482373962,0.217844141813,-0.152072076884,0.00589856458828,-0.0533873289824,0.2577265203,0.644165257031,0.567007242899,-0.307358499449,0.411199052712
0.0136247295886,0.0034047185909,0.19610118866,0.678761995225,0.684198344555,0.218820907653,-0.152552251768,0.00594085734338,-0.0533804781735,0.25751170516,0.643786503138,0.567909058965,-0.306677393402,0.411056219389
0.0136280795559,0.00342905707657,0.196404725313,0.678674427201,0.68511912803,0.215953736409,-0.152894689253,10.0,10.0,10.0,10.0,10.0,10.0,10.0
0.0136448871344,0.00337794213556,0.19618730247,0.679105964442,0.683698788363,0.219461178632,-0.152341218727,0.00599579140544,-0.0534017533064,0.257610857487,0.643841442861,0.5677750325,-0.306847532563,0.411028345353
0.0136279743165,0.00340077769943,0.196265026927,0.678761981713,0.684406936956,0.217843758513,-0.153014423191,0.00596312852576,-0.053254365921,0.256975769997,0.644194959511,0.566737311212,-0.305979604214,0.412550792057
0.0136506576091,0.00343736563809,0.196251153946,0.67830635612,0.684705994397,0.217649795442,-0.153969980928,0.00612672837451,-0.0534554980695,0.257728129625,0.644266534167,0.567742140982,-0.306168594484,0.410913964301
0.0136656668037,0.00335277849808,0.195797160268,0.678657272715,0.68301399178,0.22271939158,-0.152683548029,0.00607804441825,-0.0539146959782,0.258878141642,0.648366573502,0.564875335588,-0.307707575163,0.407250156288
0.0136709129438,0.00348798884079,0.196022138,0.678061113302,0.683838169412,0.220793578624,-0.154430179439,0.00613437406719,-0.0540761724114,0.259898841381,0.649415340238,0.565688830112,-0.307058845783,0.404932992699
0.0136729869992,0.00346405571327,0.195894256234,0.677681672377,0.683254790614,0.223414473384,-0.154907763234,10.0,10.0,10.0,10.0,10.0,10.0,10.0
0.0136806573719,0.00354044581763,0.195606172085,0.678056157026,0.681703677724,0.227565240123,-0.154058447301,0.00622269744053,-0.053703777492,0.257052063942,0.64277727645,0.569998437947,-0.307747091324,0.408938725727
0.0136837968603,0.00356230977923,0.195520833135,0.677979806063,0.681191149036,0.228171807296,-0.155755023675,10.0,10.0,10.0,10.0,10.0,10.0,10.0
